country,Day 1,Day 2,Day 3,Day 4,Day 5,Day 6,Day 7,Day 8,Day 9,Day 10,Day 11,Day 12,Day 13,Day 14,Day 15,Day 16,Day 17,Day 18,Day 19,Day 20,Day 21,Day 22,Day 23,Day 24,Day 25,Day 26,Day 27,Day 28,Day 29,Day 30,Day 31,Day 32,Day 33,Day 34,Day 35,Day 36,Day 37,Day 38,Day 39,Day 40,Day 41,Day 42,Day 43,Day 44,Day 45,Day 46,Day 47,Day 48,Day 49,Day 50,Day 51,Day 52,Day 53,Day 54,Day 55,Day 56,Day 57,Day 58,Day 59,Day 60,Day 61,Day 62,Day 63,Day 64,Day 65,Day 66,Day 67,Day 68,continent
Afghanistan,74.0,84.0,94.0,110.0,110.0,120.0,,,,,,,,,,,,,,,,,,,,,,,,,,,,,,,,,,,,,,,,,,,,,,,,,,,,,,,,,,,,,,,Asia
Netherlands,82.0,128.0,188.0,265.0,321.0,382.0,503.0,503.0,806.0,962.0,1138.0,1416.0,1711.0,2058.0,2467.0,3003.0,3640.0,4217.0,4764.0,5580.0,6438.0,7468.0,8647.0,9819.0,10930.0,,,,,,,,,,,,,,,,,,,,,,,,,,,,,,,,,,,,,,,,,,,,Europe
New Zealand,52.0,102.0,102.0,155.0,205.0,283.0,368.0,451.0,514.0,,,,,,,,,,,,,,,,,,,,,,,,,,,,,,,,,,,,,,,,,,,,,,,,,,,,,,,,,,,,Oceania
Morocco,63.0,77.0,96.0,115.0,143.0,170.0,225.0,275.0,345.0,402.0,479.0,,,,,,,,,,,,,,,,,,,,,,,,,,,,,,,,,,,,,,,,,,,,,,,,,,,,,,,,,,Africa
Nigeria,51.0,65.0,70.0,89.0,111.0,,,,,,,,,,,,,,,,,,,,,,,,,,,,,,,,,,,,,,,,,,,,,,,,,,,,,,,,,,,,,,,,Africa
Norway,56.0,87.0,108.0,147.0,176.0,205.0,400.0,598.0,702.0,996.0,1090.0,1221.0,1333.0,1463.0,1550.0,1746.0,1914.0,2118.0,2385.0,2621.0,2863.0,3084.0,3369.0,3755.0,4015.0,4284.0,,,,,,,,,,,,,,,,,,,,,,,,,,,,,,,,,,,,,,,,,,,Europe
Oman,52.0,55.0,66.0,84.0,99.0,109.0,131.0,152.0,167.0,,,,,,,,,,,,,,,,,,,,,,,,,,,,,,,,,,,,,,,,,,,,,,,,,,,,,,,,,,,,Asia
Pakistan,53.0,136.0,236.0,299.0,454.0,501.0,730.0,776.0,875.0,972.0,1063.0,1201.0,1373.0,1495.0,1597.0,,,,,,,,,,,,,,,,,,,,,,,,,,,,,,,,,,,,,,,,,,,,,,,,,,,,,,Asia
Panama,55.0,69.0,86.0,109.0,137.0,200.0,313.0,345.0,345.0,443.0,558.0,674.0,786.0,901.0,,,,,,,,,,,,,,,,,,,,,,,,,,,,,,,,,,,,,,,,,,,,,,,,,,,,,,,North America
Paraguay,52.0,56.0,59.0,,,,,,,,,,,,,,,,,,,,,,,,,,,,,,,,,,,,,,,,,,,,,,,,,,,,,,,,,,,,,,,,,,South America
Peru,86.0,117.0,145.0,234.0,234.0,318.0,363.0,395.0,416.0,480.0,580.0,635.0,671.0,852.0,,,,,,,,,,,,,,,,,,,,,,,,,,,,,,,,,,,,,,,,,,,,,,,,,,,,,,,South America
Philippines,52.0,64.0,111.0,140.0,142.0,187.0,202.0,217.0,230.0,307.0,380.0,462.0,552.0,636.0,707.0,803.0,1075.0,1418.0,,,,,,,,,,,,,,,,,,,,,,,,,,,,,,,,,,,,,,,,,,,,,,,,,,,Asia
North Macedonia,67.0,85.0,115.0,136.0,148.0,177.0,201.0,219.0,241.0,259.0,,,,,,,,,,,,,,,,,,,,,,,,,,,,,,,,,,,,,,,,,,,,,,,,,,,,,,,,,,,Europe
Poland,68.0,103.0,119.0,177.0,238.0,251.0,355.0,425.0,536.0,634.0,749.0,901.0,1051.0,1221.0,1389.0,1638.0,1862.0,,,,,,,,,,,,,,,,,,,,,,,,,,,,,,,,,,,,,,,,,,,,,,,,,,,,Europe
Montenegro,52.0,69.0,82.0,84.0,85.0,,,,,,,,,,,,,,,,,,,,,,,,,,,,,,,,,,,,,,,,,,,,,,,,,,,,,,,,,,,,,,,,Europe
Kyrgyzstan,58.0,58.0,84.0,,,,,,,,,,,,,,,,,,,,,,,,,,,,,,,,,,,,,,,,,,,,,,,,,,,,,,,,,,,,,,,,,,Asia
Latvia,71.0,86.0,111.0,124.0,139.0,180.0,197.0,221.0,244.0,280.0,305.0,347.0,,,,,,,,,,,,,,,,,,,,,,,,,,,,,,,,,,,,,,,,,,,,,,,,,,,,,,,,,Europe
Lebanon,61.0,61.0,77.0,93.0,110.0,110.0,120.0,133.0,157.0,163.0,187.0,248.0,267.0,318.0,333.0,368.0,391.0,412.0,438.0,,,,,,,,,,,,,,,,,,,,,,,,,,,,,,,,,,,,,,,,,,,,,,,,,,Asia
Liechtenstein,51.0,51.0,51.0,56.0,56.0,56.0,56.0,,,,,,,,,,,,,,,,,,,,,,,,,,,,,,,,,,,,,,,,,,,,,,,,,,,,,,,,,,,,,,Europe
Lithuania,83.0,143.0,179.0,209.0,274.0,299.0,358.0,394.0,460.0,,,,,,,,,,,,,,,,,,,,,,,,,,,,,,,,,,,,,,,,,,,,,,,,,,,,,,,,,,,,Europe
Luxembourg,51.0,59.0,77.0,140.0,203.0,335.0,484.0,670.0,798.0,875.0,1099.0,1333.0,1453.0,1605.0,1831.0,1950.0,,,,,,,,,,,,,,,,,,,,,,,,,,,,,,,,,,,,,,,,,,,,,,,,,,,,,Europe
Malaysia,50.0,50.0,83.0,93.0,99.0,117.0,129.0,149.0,149.0,197.0,238.0,428.0,566.0,673.0,790.0,900.0,1030.0,1183.0,1306.0,1518.0,1624.0,1796.0,2031.0,2161.0,2320.0,2470.0,,,,,,,,,,,,,,,,,,,,,,,,,,,,,,,,,,,,,,,,,,,Asia
Malta,53.0,64.0,73.0,90.0,107.0,110.0,129.0,134.0,139.0,149.0,151.0,,,,,,,,,,,,,,,,,,,,,,,,,,,,,,,,,,,,,,,,,,,,,,,,,,,,,,,,,,Europe
Mauritius,81.0,94.0,102.0,107.0,,,,,,,,,,,,,,,,,,,,,,,,,,,,,,,,,,,,,,,,,,,,,,,,,,,,,,,,,,,,,,,,,Africa
Mexico,53.0,82.0,93.0,118.0,164.0,203.0,251.0,316.0,367.0,405.0,475.0,585.0,717.0,848.0,,,,,,,,,,,,,,,,,,,,,,,,,,,,,,,,,,,,,,,,,,,,,,,,,,,,,,,North America
Moldova,66.0,80.0,94.0,109.0,125.0,149.0,177.0,199.0,231.0,263.0,,,,,,,,,,,,,,,,,,,,,,,,,,,,,,,,,,,,,,,,,,,,,,,,,,,,,,,,,,,Europe
Qatar,262.0,262.0,320.0,337.0,401.0,439.0,439.0,452.0,460.0,470.0,481.0,494.0,501.0,526.0,537.0,549.0,562.0,590.0,634.0,,,,,,,,,,,,,,,,,,,,,,,,,,,,,,,,,,,,,,,,,,,,,,,,,,Asia
Romania,89.0,123.0,131.0,158.0,184.0,260.0,277.0,308.0,367.0,433.0,576.0,794.0,906.0,1029.0,1292.0,1452.0,1815.0,,,,,,,,,,,,,,,,,,,,,,,,,,,,,,,,,,,,,,,,,,,,,,,,,,,,Europe
Russia,59.0,63.0,90.0,114.0,147.0,199.0,253.0,306.0,367.0,438.0,495.0,658.0,840.0,1036.0,1264.0,1534.0,,,,,,,,,,,,,,,,,,,,,,,,,,,,,,,,,,,,,,,,,,,,,,,,,,,,,Europe
Thailand,50.0,50.0,50.0,53.0,59.0,70.0,75.0,82.0,114.0,147.0,177.0,212.0,272.0,322.0,411.0,599.0,721.0,827.0,934.0,1045.0,1136.0,1245.0,1388.0,,,,,,,,,,,,,,,,,,,,,,,,,,,,,,,,,,,,,,,,,,,,,,Asia
Trinidad and Tobago,50.0,51.0,57.0,60.0,65.0,66.0,74.0,78.0,,,,,,,,,,,,,,,,,,,,,,,,,,,,,,,,,,,,,,,,,,,,,,,,,,,,,,,,,,,,,North America
Tunisia,54.0,60.0,75.0,89.0,114.0,173.0,197.0,227.0,278.0,312.0,,,,,,,,,,,,,,,,,,,,,,,,,,,,,,,,,,,,,,,,,,,,,,,,,,,,,,,,,,,Africa
Turkey,98.0,192.0,359.0,670.0,1236.0,1529.0,1872.0,2433.0,3629.0,5698.0,7402.0,9217.0,,,,,,,,,,,,,,,,,,,,,,,,,,,,,,,,,,,,,,,,,,,,,,,,,,,,,,,,,Asia
Ukraine,73.0,73.0,97.0,145.0,196.0,310.0,356.0,475.0,,,,,,,,,,,,,,,,,,,,,,,,,,,,,,,,,,,,,,,,,,,,,,,,,,,,,,,,,,,,,Europe
United Arab Emirates,74.0,74.0,85.0,85.0,85.0,98.0,98.0,98.0,113.0,140.0,140.0,153.0,153.0,198.0,248.0,333.0,333.0,405.0,468.0,570.0,,,,,,,,,,,,,,,,,,,,,,,,,,,,,,,,,,,,,,,,,,,,,,,,,Asia
Uruguay,50.0,79.0,94.0,110.0,158.0,162.0,162.0,189.0,217.0,238.0,274.0,304.0,,,,,,,,,,,,,,,,,,,,,,,,,,,,,,,,,,,,,,,,,,,,,,,,,,,,,,,,,South America
US,51.0,51.0,57.0,58.0,60.0,68.0,74.0,98.0,118.0,149.0,217.0,262.0,402.0,518.0,583.0,959.0,1281.0,1663.0,2179.0,2727.0,3499.0,4632.0,6421.0,7783.0,13677.0,19100.0,25489.0,33276.0,43847.0,53740.0,65778.0,83836.0,101657.0,121478.0,140886.0,,,,,,,,,,,,,,,,,,,,,,,,,,,,,,,,,,North America
Uzbekistan,50.0,60.0,75.0,88.0,104.0,144.0,,,,,,,,,,,,,,,,,,,,,,,,,,,,,,,,,,,,,,,,,,,,,,,,,,,,,,,,,,,,,,,Asia
Venezuela,70.0,70.0,77.0,84.0,91.0,107.0,107.0,119.0,119.0,,,,,,,,,,,,,,,,,,,,,,,,,,,,,,,,,,,,,,,,,,,,,,,,,,,,,,,,,,,,South America
Vietnam,53.0,56.0,61.0,66.0,75.0,85.0,91.0,94.0,113.0,123.0,134.0,141.0,153.0,163.0,174.0,188.0,,,,,,,,,,,,,,,,,,,,,,,,,,,,,,,,,,,,,,,,,,,,,,,,,,,,,Asia
West Bank and Gaza,52.0,59.0,59.0,59.0,84.0,91.0,98.0,109.0,,,,,,,,,,,,,,,,,,,,,,,,,,,,,,,,,,,,,,,,,,,,,,,,,,,,,,,,,,,,,Asia
United Kingdom,51.0,86.0,116.0,164.0,207.0,274.0,322.0,384.0,459.0,459.0,802.0,1144.0,1145.0,1551.0,1960.0,2642.0,2716.0,4014.0,5067.0,5745.0,6726.0,8164.0,9640.0,11812.0,14745.0,17312.0,19780.0,,,,,,,,,,,,,,,,,,,,,,,,,,,,,,,,,,,,,,,,,,Europe
Taiwan*,50.0,53.0,59.0,67.0,77.0,100.0,108.0,135.0,153.0,169.0,195.0,215.0,235.0,252.0,267.0,283.0,298.0,,,,,,,,,,,,,,,,,,,,,,,,,,,,,,,,,,,,,,,,,,,,,,,,,,,,Asia
Switzerland,56.0,90.0,114.0,214.0,268.0,337.0,374.0,491.0,652.0,652.0,1139.0,1359.0,2200.0,2200.0,2700.0,3028.0,4075.0,5294.0,6575.0,7474.0,8795.0,9877.0,10897.0,11811.0,12928.0,14076.0,14829.0,,,,,,,,,,,,,,,,,,,,,,,,,,,,,,,,,,,,,,,,,,Europe
Rwanda,50.0,54.0,60.0,70.0,,,,,,,,,,,,,,,,,,,,,,,,,,,,,,,,,,,,,,,,,,,,,,,,,,,,,,,,,,,,,,,,,Africa
San Marino,51.0,62.0,69.0,80.0,80.0,101.0,109.0,109.0,119.0,119.0,144.0,144.0,175.0,187.0,187.0,208.0,208.0,223.0,224.0,224.0,,,,,,,,,,,,,,,,,,,,,,,,,,,,,,,,,,,,,,,,,,,,,,,,,Europe
Saudi Arabia,86.0,103.0,103.0,118.0,171.0,171.0,274.0,344.0,392.0,511.0,562.0,767.0,900.0,1012.0,1104.0,1203.0,1299.0,,,,,,,,,,,,,,,,,,,,,,,,,,,,,,,,,,,,,,,,,,,,,,,,,,,,Asia
Senegal,67.0,79.0,86.0,99.0,105.0,119.0,130.0,142.0,,,,,,,,,,,,,,,,,,,,,,,,,,,,,,,,,,,,,,,,,,,,,,,,,,,,,,,,,,,,,Africa
Serbia,55.0,65.0,83.0,103.0,135.0,171.0,222.0,249.0,303.0,384.0,384.0,457.0,659.0,741.0,,,,,,,,,,,,,,,,,,,,,,,,,,,,,,,,,,,,,,,,,,,,,,,,,,,,,,,Europe
Singapore,50.0,58.0,67.0,72.0,75.0,77.0,81.0,84.0,84.0,85.0,85.0,89.0,89.0,91.0,93.0,93.0,93.0,102.0,106.0,108.0,110.0,110.0,117.0,130.0,138.0,150.0,150.0,160.0,178.0,178.0,200.0,212.0,226.0,243.0,266.0,313.0,345.0,385.0,432.0,455.0,509.0,558.0,631.0,683.0,732.0,802.0,844.0,,,,,,,,,,,,,,,,,,,,,,Asia
Slovakia,54.0,63.0,72.0,105.0,123.0,137.0,178.0,185.0,186.0,204.0,216.0,226.0,269.0,292.0,314.0,,,,,,,,,,,,,,,,,,,,,,,,,,,,,,,,,,,,,,,,,,,,,,,,,,,,,,Europe
Slovenia,57.0,89.0,141.0,181.0,219.0,253.0,275.0,275.0,286.0,341.0,383.0,414.0,442.0,480.0,528.0,562.0,632.0,684.0,730.0,,,,,,,,,,,,,,,,,,,,,,,,,,,,,,,,,,,,,,,,,,,,,,,,,,Europe
South Africa,51.0,62.0,62.0,116.0,150.0,202.0,240.0,274.0,402.0,554.0,709.0,927.0,1170.0,1187.0,1280.0,,,,,,,,,,,,,,,,,,,,,,,,,,,,,,,,,,,,,,,,,,,,,,,,,,,,,,Africa
Spain,84.0,120.0,165.0,222.0,259.0,400.0,500.0,673.0,1073.0,1695.0,2277.0,2277.0,5232.0,6391.0,7798.0,9942.0,11748.0,13910.0,17963.0,20410.0,25374.0,28768.0,35136.0,39885.0,49515.0,57786.0,65719.0,73235.0,80110.0,,,,,,,,,,,,,,,,,,,,,,,,,,,,,,,,,,,,,,,,Europe
Sri Lanka,51.0,60.0,73.0,77.0,82.0,97.0,102.0,102.0,106.0,106.0,113.0,117.0,,,,,,,,,,,,,,,,,,,,,,,,,,,,,,,,,,,,,,,,,,,,,,,,,,,,,,,,,Asia
Sweden,94.0,101.0,161.0,203.0,248.0,355.0,500.0,599.0,814.0,961.0,1022.0,1103.0,1190.0,1279.0,1439.0,1639.0,1763.0,1934.0,2046.0,2286.0,2526.0,2840.0,3069.0,3447.0,3700.0,,,,,,,,,,,,,,,,,,,,,,,,,,,,,,,,,,,,,,,,,,,,Europe
Kuwait,56.0,56.0,56.0,58.0,58.0,61.0,64.0,64.0,69.0,72.0,80.0,80.0,104.0,112.0,123.0,130.0,142.0,148.0,159.0,176.0,188.0,189.0,191.0,195.0,208.0,225.0,235.0,255.0,,,,,,,,,,,,,,,,,,,,,,,,,,,,,,,,,,,,,,,,,Asia
Kosovo,71.0,86.0,91.0,94.0,,,,,,,,,,,,,,,,,,,,,,,,,,,,,,,,,,,,,,,,,,,,,,,,,,,,,,,,,,,,,,,,,Europe
Portugal,59.0,59.0,112.0,169.0,245.0,331.0,448.0,448.0,785.0,1020.0,1280.0,1600.0,2060.0,2362.0,2995.0,3544.0,4268.0,5170.0,5962.0,,,,,,,,,,,,,,,,,,,,,,,,,,,,,,,,,,,,,,,,,,,,,,,,,,Europe
Bulgaria,51.0,52.0,67.0,92.0,94.0,127.0,163.0,187.0,201.0,218.0,242.0,264.0,293.0,331.0,346.0,,,,,,,,,,,,,,,,,,,,,,,,,,,,,,,,,,,,,,,,,,,,,,,,,,,,,,Europe
Burkina Faso,64.0,75.0,99.0,114.0,146.0,152.0,180.0,207.0,222.0,,,,,,,,,,,,,,,,,,,,,,,,,,,,,,,,,,,,,,,,,,,,,,,,,,,,,,,,,,,,Africa
Cambodia,51.0,53.0,84.0,87.0,91.0,96.0,96.0,99.0,99.0,103.0,,,,,,,,,,,,,,,,,,,,,,,,,,,,,,,,,,,,,,,,,,,,,,,,,,,,,,,,,,,Asia
Cameroon,56.0,66.0,75.0,75.0,91.0,91.0,139.0,,,,,,,,,,,,,,,,,,,,,,,,,,,,,,,,,,,,,,,,,,,,,,,,,,,,,,,,,,,,,,Africa
Canada,54.0,64.0,77.0,79.0,108.0,117.0,193.0,198.0,252.0,415.0,478.0,657.0,800.0,943.0,1277.0,1469.0,2088.0,2790.0,3251.0,4042.0,4682.0,5576.0,6280.0,,,,,,,,,,,,,,,,,,,,,,,,,,,,,,,,,,,,,,,,,,,,,,North America
Brunei,50.0,54.0,56.0,68.0,75.0,78.0,83.0,88.0,91.0,104.0,109.0,114.0,115.0,120.0,126.0,,,,,,,,,,,,,,,,,,,,,,,,,,,,,,,,,,,,,,,,,,,,,,,,,,,,,,Asia
China,548.0,643.0,920.0,1406.0,2075.0,2877.0,5509.0,6087.0,8141.0,9802.0,11891.0,16630.0,19716.0,23707.0,27440.0,30587.0,34110.0,36814.0,39829.0,42354.0,44386.0,44759.0,59895.0,66358.0,68413.0,70513.0,72434.0,74211.0,74619.0,75077.0,75550.0,77001.0,77022.0,77241.0,77754.0,78166.0,78600.0,78928.0,79356.0,79932.0,80136.0,80261.0,80386.0,80537.0,80690.0,80770.0,80823.0,80860.0,80887.0,80921.0,80932.0,80945.0,80977.0,81003.0,81033.0,81058.0,81102.0,81156.0,81250.0,81305.0,81435.0,81498.0,81591.0,81661.0,81782.0,81897.0,81999.0,82122.0,Asia
Colombia,54.0,65.0,93.0,102.0,128.0,196.0,231.0,277.0,378.0,470.0,491.0,539.0,608.0,702.0,,,,,,,,,,,,,,,,,,,,,,,,,,,,,,,,,,,,,,,,,,,,,,,,,,,,,,,South America
Congo (Kinshasa),51.0,51.0,65.0,65.0,,,,,,,,,,,,,,,,,,,,,,,,,,,,,,,,,,,,,,,,,,,,,,,,,,,,,,,,,,,,,,,,,Africa
Costa Rica,50.0,69.0,89.0,117.0,134.0,158.0,177.0,201.0,231.0,263.0,295.0,314.0,,,,,,,,,,,,,,,,,,,,,,,,,,,,,,,,,,,,,,,,,,,,,,,,,,,,,,,,,North America
Cote d'Ivoire,73.0,80.0,96.0,101.0,101.0,165.0,,,,,,,,,,,,,,,,,,,,,,,,,,,,,,,,,,,,,,,,,,,,,,,,,,,,,,,,,,,,,,,Africa
Croatia,57.0,65.0,81.0,105.0,128.0,206.0,254.0,315.0,382.0,442.0,495.0,586.0,657.0,713.0,,,,,,,,,,,,,,,,,,,,,,,,,,,,,,,,,,,,,,,,,,,,,,,,,,,,,,,Europe
Cuba,57.0,67.0,80.0,119.0,139.0,,,,,,,,,,,,,,,,,,,,,,,,,,,,,,,,,,,,,,,,,,,,,,,,,,,,,,,,,,,,,,,,North America
Chile,61.0,74.0,155.0,201.0,238.0,238.0,434.0,537.0,632.0,746.0,922.0,1142.0,1306.0,1610.0,1909.0,2139.0,,,,,,,,,,,,,,,,,,,,,,,,,,,,,,,,,,,,,,,,,,,,,,,,,,,,,South America
Brazil,52.0,151.0,151.0,162.0,200.0,321.0,372.0,621.0,793.0,1021.0,1546.0,1924.0,2247.0,2554.0,2985.0,3417.0,3904.0,4256.0,,,,,,,,,,,,,,,,,,,,,,,,,,,,,,,,,,,,,,,,,,,,,,,,,,,South America
Bosnia and Herzegovina,63.0,89.0,93.0,126.0,136.0,166.0,176.0,191.0,237.0,258.0,323.0,,,,,,,,,,,,,,,,,,,,,,,,,,,,,,,,,,,,,,,,,,,,,,,,,,,,,,,,,,Europe
Bolivia,61.0,74.0,81.0,,,,,,,,,,,,,,,,,,,,,,,,,,,,,,,,,,,,,,,,,,,,,,,,,,,,,,,,,,,,,,,,,,South America
"Korea, South",104.0,204.0,433.0,602.0,833.0,977.0,1261.0,1766.0,2337.0,3150.0,3736.0,4335.0,5186.0,5621.0,6088.0,6593.0,7041.0,7314.0,7478.0,7513.0,7755.0,7869.0,7979.0,8086.0,8162.0,8236.0,8320.0,8413.0,8565.0,8652.0,8799.0,8961.0,8961.0,9037.0,9137.0,9241.0,9332.0,9478.0,9583.0,,,,,,,,,,,,,,,,,,,,,,,,,,,,,,Asia
Algeria,54.0,60.0,74.0,87.0,90.0,139.0,201.0,230.0,264.0,302.0,367.0,409.0,454.0,511.0,,,,,,,,,,,,,,,,,,,,,,,,,,,,,,,,,,,,,,,,,,,,,,,,,,,,,,,Africa
Andorra,53.0,75.0,88.0,113.0,133.0,164.0,188.0,224.0,267.0,308.0,334.0,,,,,,,,,,,,,,,,,,,,,,,,,,,,,,,,,,,,,,,,,,,,,,,,,,,,,,,,,,Europe
Argentina,56.0,68.0,79.0,97.0,128.0,158.0,266.0,301.0,387.0,387.0,502.0,589.0,690.0,745.0,,,,,,,,,,,,,,,,,,,,,,,,,,,,,,,,,,,,,,,,,,,,,,,,,,,,,,,South America
Armenia,52.0,78.0,84.0,115.0,136.0,160.0,194.0,235.0,249.0,265.0,290.0,329.0,407.0,424.0,,,,,,,,,,,,,,,,,,,,,,,,,,,,,,,,,,,,,,,,,,,,,,,,,,,,,,,Asia
Australia,52.0,55.0,60.0,63.0,76.0,91.0,107.0,128.0,128.0,200.0,250.0,297.0,377.0,452.0,568.0,681.0,791.0,1071.0,1549.0,1682.0,2044.0,2364.0,2810.0,3143.0,3640.0,3984.0,,,,,,,,,,,,,,,,,,,,,,,,,,,,,,,,,,,,,,,,,,,Oceania
Austria,55.0,79.0,104.0,131.0,182.0,246.0,302.0,504.0,655.0,860.0,1018.0,1332.0,1646.0,2013.0,2388.0,2814.0,3582.0,4474.0,5283.0,5588.0,6909.0,7657.0,8271.0,8788.0,,,,,,,,,,,,,,,,,,,,,,,,,,,,,,,,,,,,,,,,,,,,,Europe
Azerbaijan,53.0,65.0,72.0,87.0,93.0,122.0,165.0,182.0,209.0,,,,,,,,,,,,,,,,,,,,,,,,,,,,,,,,,,,,,,,,,,,,,,,,,,,,,,,,,,,,Asia
Bahrain,52.0,55.0,60.0,85.0,85.0,95.0,110.0,195.0,195.0,195.0,210.0,214.0,214.0,228.0,256.0,278.0,285.0,305.0,334.0,377.0,392.0,419.0,458.0,466.0,476.0,499.0,,,,,,,,,,,,,,,,,,,,,,,,,,,,,,,,,,,,,,,,,,,Asia
Belarus,51.0,51.0,69.0,76.0,76.0,81.0,81.0,86.0,86.0,94.0,94.0,94.0,,,,,,,,,,,,,,,,,,,,,,,,,,,,,,,,,,,,,,,,,,,,,,,,,,,,,,,,,Europe
Belgium,50.0,109.0,169.0,200.0,239.0,267.0,314.0,314.0,559.0,689.0,886.0,1058.0,1243.0,1486.0,1795.0,2257.0,2815.0,3401.0,3743.0,4269.0,4937.0,6235.0,7284.0,9134.0,10836.0,,,,,,,,,,,,,,,,,,,,,,,,,,,,,,,,,,,,,,,,,,,,Europe
Cyprus,67.0,67.0,84.0,95.0,116.0,124.0,132.0,146.0,162.0,179.0,214.0,,,,,,,,,,,,,,,,,,,,,,,,,,,,,,,,,,,,,,,,,,,,,,,,,,,,,,,,,,Europe
Czechia,91.0,94.0,141.0,189.0,253.0,298.0,396.0,464.0,694.0,833.0,995.0,1120.0,1236.0,1394.0,1654.0,1925.0,2279.0,2631.0,2817.0,,,,,,,,,,,,,,,,,,,,,,,,,,,,,,,,,,,,,,,,,,,,,,,,,,Europe
Albania,51.0,55.0,59.0,64.0,70.0,76.0,89.0,104.0,123.0,146.0,174.0,186.0,197.0,212.0,,,,,,,,,,,,,,,,,,,,,,,,,,,,,,,,,,,,,,,,,,,,,,,,,,,,,,,Europe
Kazakhstan,53.0,60.0,62.0,72.0,81.0,111.0,150.0,228.0,284.0,,,,,,,,,,,,,,,,,,,,,,,,,,,,,,,,,,,,,,,,,,,,,,,,,,,,,,,,,,,,Asia
Honduras,52.0,68.0,95.0,110.0,,,,,,,,,,,,,,,,,,,,,,,,,,,,,,,,,,,,,,,,,,,,,,,,,,,,,,,,,,,,,,,,,North America
Hungary,50.0,58.0,73.0,85.0,103.0,131.0,167.0,187.0,226.0,261.0,300.0,343.0,408.0,,,,,,,,,,,,,,,,,,,,,,,,,,,,,,,,,,,,,,,,,,,,,,,,,,,,,,,,Europe
India,56.0,62.0,73.0,82.0,102.0,113.0,119.0,142.0,156.0,194.0,244.0,330.0,396.0,499.0,536.0,657.0,727.0,887.0,987.0,1024.0,,,,,,,,,,,,,,,,,,,,,,,,,,,,,,,,,,,,,,,,,,,,,,,,,Asia
Indonesia,69.0,96.0,117.0,134.0,172.0,227.0,311.0,369.0,450.0,514.0,579.0,686.0,790.0,893.0,1046.0,1155.0,1285.0,,,,,,,,,,,,,,,,,,,,,,,,,,,,,,,,,,,,,,,,,,,,,,,,,,,,Asia
Iraq,54.0,60.0,60.0,71.0,71.0,71.0,101.0,110.0,116.0,124.0,154.0,164.0,192.0,208.0,214.0,233.0,266.0,316.0,346.0,382.0,458.0,506.0,547.0,,,,,,,,,,,,,,,,,,,,,,,,,,,,,,,,,,,,,,,,,,,,,,Asia
Ireland,90.0,129.0,129.0,169.0,223.0,292.0,557.0,683.0,785.0,906.0,1125.0,1329.0,1564.0,1819.0,2121.0,2415.0,2615.0,,,,,,,,,,,,,,,,,,,,,,,,,,,,,,,,,,,,,,,,,,,,,,,,,,,,Europe
Israel,61.0,61.0,75.0,79.0,100.0,126.0,155.0,213.0,218.0,250.0,304.0,427.0,529.0,712.0,883.0,1071.0,1238.0,2369.0,2693.0,3035.0,3619.0,4247.0,,,,,,,,,,,,,,,,,,,,,,,,,,,,,,,,,,,,,,,,,,,,,,,Asia
Italy,62.0,155.0,229.0,322.0,453.0,655.0,888.0,1128.0,1694.0,2036.0,2502.0,3089.0,3858.0,4636.0,5883.0,7375.0,9172.0,10149.0,12462.0,12462.0,17660.0,21157.0,24747.0,27980.0,31506.0,35713.0,41035.0,47021.0,53578.0,59138.0,63927.0,69176.0,74386.0,80589.0,86498.0,92472.0,97689.0,,,,,,,,,,,,,,,,,,,,,,,,,,,,,,,,Europe
Japan,59.0,66.0,74.0,84.0,94.0,105.0,122.0,147.0,159.0,170.0,189.0,214.0,228.0,241.0,256.0,274.0,293.0,331.0,360.0,420.0,461.0,502.0,511.0,581.0,639.0,639.0,701.0,773.0,839.0,839.0,878.0,889.0,924.0,963.0,1007.0,1101.0,1128.0,1193.0,1307.0,1387.0,1468.0,1693.0,1866.0,,,,,,,,,,,,,,,,,,,,,,,,,,Asia
Jordan,52.0,69.0,85.0,85.0,112.0,127.0,154.0,172.0,212.0,235.0,246.0,259.0,,,,,,,,,,,,,,,,,,,,,,,,,,,,,,,,,,,,,,,,,,,,,,,,,,,,,,,,,Asia
Denmark,92.0,264.0,444.0,617.0,804.0,836.0,875.0,933.0,1025.0,1116.0,1225.0,1337.0,1420.0,1514.0,1572.0,1718.0,1862.0,2023.0,2200.0,2366.0,2564.0,,,,,,,,,,,,,,,,,,,,,,,,,,,,,,,,,,,,,,,,,,,,,,,,Europe
Iran,61.0,95.0,139.0,245.0,388.0,593.0,978.0,1501.0,2336.0,2922.0,3513.0,4747.0,5823.0,6566.0,7161.0,8042.0,9000.0,10075.0,11364.0,12729.0,13938.0,14991.0,16169.0,17361.0,18407.0,19644.0,20610.0,21638.0,23049.0,24811.0,27017.0,29406.0,32332.0,35408.0,38309.0,,,,,,,,,,,,,,,,,,,,,,,,,,,,,,,,,,Asia
Iceland,50.0,50.0,58.0,69.0,85.0,103.0,134.0,156.0,171.0,180.0,220.0,250.0,330.0,409.0,473.0,568.0,588.0,648.0,737.0,802.0,890.0,963.0,1020.0,,,,,,,,,,,,,,,,,,,,,,,,,,,,,,,,,,,,,,,,,,,,,,Europe
Ghana,53.0,93.0,132.0,137.0,141.0,152.0,,,,,,,,,,,,,,,,,,,,,,,,,,,,,,,,,,,,,,,,,,,,,,,,,,,,,,,,,,,,,,,Africa
Greece,73.0,73.0,89.0,99.0,99.0,190.0,228.0,331.0,331.0,387.0,418.0,418.0,495.0,530.0,624.0,695.0,743.0,821.0,892.0,966.0,1061.0,1156.0,,,,,,,,,,,,,,,,,,,,,,,,,,,,,,,,,,,,,,,,,,,,,,,Europe
Dominican Republic,72.0,112.0,202.0,245.0,312.0,392.0,488.0,581.0,719.0,859.0,,,,,,,,,,,,,,,,,,,,,,,,,,,,,,,,,,,,,,,,,,,,,,,,,,,,,,,,,,,North America
Ecuador,58.0,111.0,199.0,367.0,506.0,789.0,981.0,1082.0,1173.0,1403.0,1595.0,1823.0,1924.0,,,,,,,,,,,,,,,,,,,,,,,,,,,,,,,,,,,,,,,,,,,,,,,,,,,,,,,,South America
Egypt,55.0,59.0,60.0,67.0,80.0,109.0,110.0,150.0,196.0,196.0,256.0,285.0,294.0,327.0,366.0,402.0,456.0,495.0,536.0,576.0,609.0,,,,,,,,,,,,,,,,,,,,,,,,,,,,,,,,,,,,,,,,,,,,,,,,Africa
Estonia,79.0,115.0,171.0,205.0,225.0,258.0,267.0,283.0,306.0,326.0,352.0,369.0,404.0,538.0,575.0,645.0,679.0,,,,,,,,,,,,,,,,,,,,,,,,,,,,,,,,,,,,,,,,,,,,,,,,,,,,Europe
Diamond Princess,61.0,61.0,64.0,135.0,135.0,175.0,175.0,218.0,285.0,355.0,454.0,542.0,621.0,634.0,634.0,634.0,691.0,691.0,691.0,705.0,705.0,705.0,705.0,705.0,705.0,706.0,706.0,706.0,706.0,706.0,706.0,706.0,706.0,706.0,706.0,706.0,706.0,706.0,706.0,706.0,712.0,712.0,712.0,712.0,712.0,712.0,712.0,712.0,712.0,712.0,712.0,712.0,,,,,,,,,,,,,,,,,Other
Germany,79.0,130.0,159.0,196.0,262.0,482.0,670.0,799.0,1040.0,1176.0,1457.0,1908.0,2078.0,3675.0,4585.0,5795.0,7272.0,9257.0,12327.0,15320.0,19848.0,22213.0,24873.0,29056.0,32986.0,37323.0,43938.0,50871.0,57695.0,62095.0,,,,,,,,,,,,,,,,,,,,,,,,,,,,,,,,,,,,,,,Europe
Georgia,54.0,61.0,70.0,75.0,79.0,83.0,90.0,91.0,,,,,,,,,,,,,,,,,,,,,,,,,,,,,,,,,,,,,,,,,,,,,,,,,,,,,,,,,,,,,Asia
Finland,59.0,59.0,155.0,225.0,244.0,277.0,321.0,336.0,400.0,450.0,523.0,626.0,700.0,792.0,880.0,958.0,1041.0,1167.0,1240.0,,,,,,,,,,,,,,,,,,,,,,,,,,,,,,,,,,,,,,,,,,,,,,,,,,Europe
France,57.0,100.0,130.0,191.0,204.0,288.0,380.0,656.0,959.0,1136.0,1219.0,1794.0,2293.0,2293.0,3681.0,4496.0,4532.0,6683.0,7715.0,9124.0,10970.0,12758.0,14463.0,16243.0,20123.0,22622.0,25600.0,29551.0,33402.0,38105.0,40708.0,,,,,,,,,,,,,,,,,,,,,,,,,,,,,,,,,,,,,,Europe
