country,Day 1,Day 2,Day 3,Day 4,Day 5,Day 6,Day 7,Day 8,Day 9,Day 10,Day 11,Day 12,Day 13,Day 14,Day 15,Day 16,Day 17,Day 18,Day 19,Day 20,Day 21,Day 22,Day 23,Day 24,Day 25,Day 26,Day 27,Day 28,Day 29,Day 30,Day 31,Day 32,Day 33,Day 34,Day 35,Day 36,Day 37,Day 38,Day 39,Day 40,Day 41,Day 42,Day 43,Day 44,Day 45,Day 46,Day 47,Day 48,Day 49,Day 50,Day 51,Day 52,Day 53,Day 54,Day 55,Day 56,Day 57,Day 58,Day 59,Day 60,Day 61,Day 62,Day 63,Day 64,Day 65,Day 66,Day 67,Day 68,Day 69,continent
Afghanistan,0.0,1.0,2.0,0.0,0.0,0.0,0.0,,,,,,,,,,,,,,,,,,,,,,,,,,,,,,,,,,,,,,,,,,,,,,,,,,,,,,,,,,,,,,,Asia
Netherlands,0.0,1.0,0.0,2.0,0.0,1.0,1.0,0.0,5.0,2.0,8.0,4.0,19.0,15.0,19.0,30.0,30.0,43.0,34.0,63.0,80.0,78.0,112.0,93.0,132.0,93.0,,,,,,,,,,,,,,,,,,,,,,,,,,,,,,,,,,,,,,,,,,,,Europe
New Zealand,0.0,0.0,0.0,0.0,0.0,0.0,0.0,0.0,1.0,0.0,,,,,,,,,,,,,,,,,,,,,,,,,,,,,,,,,,,,,,,,,,,,,,,,,,,,,,,,,,,,Oceania
Nigeria,0.0,0.0,0.0,0.0,0.0,1.0,,,,,,,,,,,,,,,,,,,,,,,,,,,,,,,,,,,,,,,,,,,,,,,,,,,,,,,,,,,,,,,,Africa
North Macedonia,0.0,0.0,1.0,1.0,0.0,1.0,0.0,0.0,1.0,2.0,1.0,,,,,,,,,,,,,,,,,,,,,,,,,,,,,,,,,,,,,,,,,,,,,,,,,,,,,,,,,,,Europe
Oman,0.0,0.0,0.0,0.0,0.0,0.0,0.0,0.0,0.0,0.0,,,,,,,,,,,,,,,,,,,,,,,,,,,,,,,,,,,,,,,,,,,,,,,,,,,,,,,,,,,,Asia
Pakistan,0.0,0.0,0.0,0.0,2.0,1.0,0.0,2.0,1.0,1.0,1.0,1.0,2.0,1.0,2.0,7.0,,,,,,,,,,,,,,,,,,,,,,,,,,,,,,,,,,,,,,,,,,,,,,,,,,,,,,Asia
Panama,0.0,0.0,0.0,0.0,0.0,0.0,2.0,3.0,0.0,2.0,0.0,1.0,5.0,3.0,7.0,,,,,,,,,,,,,,,,,,,,,,,,,,,,,,,,,,,,,,,,,,,,,,,,,,,,,,,North America
Paraguay,0.0,0.0,0.0,0.0,,,,,,,,,,,,,,,,,,,,,,,,,,,,,,,,,,,,,,,,,,,,,,,,,,,,,,,,,,,,,,,,,,South America
Peru,0.0,0.0,0.0,0.0,3.0,2.0,0.0,0.0,2.0,2.0,0.0,2.0,5.0,2.0,6.0,,,,,,,,,,,,,,,,,,,,,,,,,,,,,,,,,,,,,,,,,,,,,,,,,,,,,,,South America
Philippines,1.0,3.0,3.0,3.0,1.0,0.0,7.0,-2.0,1.0,1.0,6.0,8.0,2.0,3.0,7.0,9.0,14.0,3.0,7.0,,,,,,,,,,,,,,,,,,,,,,,,,,,,,,,,,,,,,,,,,,,,,,,,,,,Asia
Poland,1.0,1.0,0.0,1.0,1.0,0.0,0.0,0.0,0.0,2.0,1.0,2.0,4.0,2.0,0.0,2.0,4.0,9.0,,,,,,,,,,,,,,,,,,,,,,,,,,,,,,,,,,,,,,,,,,,,,,,,,,,,Europe
Norway,0.0,0.0,0.0,0.0,0.0,0.0,0.0,0.0,0.0,0.0,3.0,0.0,0.0,0.0,3.0,1.0,0.0,0.0,0.0,3.0,2.0,2.0,0.0,5.0,4.0,2.0,7.0,,,,,,,,,,,,,,,,,,,,,,,,,,,,,,,,,,,,,,,,,,,Europe
Morocco,0.0,1.0,0.0,1.0,0.0,1.0,1.0,5.0,12.0,2.0,1.0,7.0,,,,,,,,,,,,,,,,,,,,,,,,,,,,,,,,,,,,,,,,,,,,,,,,,,,,,,,,,,Africa
Montenegro,0.0,0.0,0.0,0.0,0.0,0.0,,,,,,,,,,,,,,,,,,,,,,,,,,,,,,,,,,,,,,,,,,,,,,,,,,,,,,,,,,,,,,,,Europe
Kyrgyzstan,0.0,0.0,0.0,0.0,,,,,,,,,,,,,,,,,,,,,,,,,,,,,,,,,,,,,,,,,,,,,,,,,,,,,,,,,,,,,,,,,,Asia
Latvia,0.0,0.0,0.0,0.0,0.0,0.0,0.0,0.0,0.0,0.0,0.0,0.0,0.0,,,,,,,,,,,,,,,,,,,,,,,,,,,,,,,,,,,,,,,,,,,,,,,,,,,,,,,,,Europe
Lebanon,2.0,0.0,0.0,0.0,0.0,0.0,0.0,0.0,1.0,0.0,0.0,0.0,0.0,0.0,2.0,0.0,2.0,0.0,2.0,1.0,,,,,,,,,,,,,,,,,,,,,,,,,,,,,,,,,,,,,,,,,,,,,,,,,,Asia
Liechtenstein,0.0,0.0,0.0,0.0,0.0,0.0,0.0,0.0,,,,,,,,,,,,,,,,,,,,,,,,,,,,,,,,,,,,,,,,,,,,,,,,,,,,,,,,,,,,,,Europe
Lithuania,1.0,0.0,0.0,1.0,2.0,0.0,1.0,2.0,0.0,0.0,,,,,,,,,,,,,,,,,,,,,,,,,,,,,,,,,,,,,,,,,,,,,,,,,,,,,,,,,,,,Europe
Luxembourg,1.0,0.0,0.0,0.0,1.0,2.0,0.0,4.0,0.0,0.0,0.0,0.0,1.0,6.0,3.0,3.0,1.0,,,,,,,,,,,,,,,,,,,,,,,,,,,,,,,,,,,,,,,,,,,,,,,,,,,,,Europe
Malaysia,0.0,0.0,0.0,0.0,0.0,0.0,0.0,0.0,0.0,0.0,0.0,0.0,0.0,2.0,0.0,0.0,1.0,1.0,6.0,4.0,2.0,4.0,3.0,3.0,1.0,8.0,2.0,,,,,,,,,,,,,,,,,,,,,,,,,,,,,,,,,,,,,,,,,,,Asia
Malta,0.0,0.0,0.0,0.0,0.0,0.0,0.0,0.0,0.0,0.0,0.0,0.0,,,,,,,,,,,,,,,,,,,,,,,,,,,,,,,,,,,,,,,,,,,,,,,,,,,,,,,,,,Europe
Mauritius,0.0,0.0,0.0,1.0,0.0,,,,,,,,,,,,,,,,,,,,,,,,,,,,,,,,,,,,,,,,,,,,,,,,,,,,,,,,,,,,,,,,,Africa
Mexico,0.0,0.0,0.0,1.0,0.0,1.0,0.0,1.0,1.0,1.0,1.0,2.0,4.0,4.0,4.0,,,,,,,,,,,,,,,,,,,,,,,,,,,,,,,,,,,,,,,,,,,,,,,,,,,,,,,North America
Moldova,0.0,0.0,0.0,0.0,0.0,0.0,0.0,1.0,0.0,0.0,0.0,,,,,,,,,,,,,,,,,,,,,,,,,,,,,,,,,,,,,,,,,,,,,,,,,,,,,,,,,,,Europe
Portugal,0.0,0.0,0.0,0.0,0.0,0.0,1.0,1.0,1.0,3.0,6.0,2.0,9.0,10.0,10.0,17.0,16.0,24.0,19.0,21.0,,,,,,,,,,,,,,,,,,,,,,,,,,,,,,,,,,,,,,,,,,,,,,,,,,Europe
Kuwait,0.0,0.0,0.0,0.0,0.0,0.0,0.0,0.0,0.0,0.0,0.0,0.0,0.0,0.0,0.0,0.0,0.0,0.0,0.0,0.0,0.0,0.0,0.0,0.0,0.0,0.0,0.0,0.0,0.0,,,,,,,,,,,,,,,,,,,,,,,,,,,,,,,,,,,,,,,,,Asia
Romania,0.0,0.0,0.0,0.0,0.0,0.0,0.0,0.0,0.0,3.0,4.0,4.0,6.0,6.0,3.0,11.0,6.0,22.0,,,,,,,,,,,,,,,,,,,,,,,,,,,,,,,,,,,,,,,,,,,,,,,,,,,,Europe
Rwanda,0.0,0.0,0.0,0.0,0.0,,,,,,,,,,,,,,,,,,,,,,,,,,,,,,,,,,,,,,,,,,,,,,,,,,,,,,,,,,,,,,,,,Africa
Trinidad and Tobago,0.0,0.0,0.0,1.0,0.0,1.0,1.0,0.0,0.0,,,,,,,,,,,,,,,,,,,,,,,,,,,,,,,,,,,,,,,,,,,,,,,,,,,,,,,,,,,,,North America
Tunisia,0.0,0.0,2.0,0.0,1.0,1.0,1.0,0.0,2.0,0.0,0.0,,,,,,,,,,,,,,,,,,,,,,,,,,,,,,,,,,,,,,,,,,,,,,,,,,,,,,,,,,,Africa
Turkey,0.0,2.0,1.0,5.0,21.0,7.0,7.0,15.0,16.0,17.0,16.0,23.0,37.0,,,,,,,,,,,,,,,,,,,,,,,,,,,,,,,,,,,,,,,,,,,,,,,,,,,,,,,,,Asia
Ukraine,0.0,0.0,0.0,2.0,0.0,0.0,4.0,1.0,3.0,,,,,,,,,,,,,,,,,,,,,,,,,,,,,,,,,,,,,,,,,,,,,,,,,,,,,,,,,,,,,Europe
United Arab Emirates,0.0,0.0,0.0,0.0,0.0,0.0,0.0,0.0,0.0,0.0,2.0,0.0,0.0,0.0,0.0,0.0,0.0,0.0,0.0,1.0,2.0,,,,,,,,,,,,,,,,,,,,,,,,,,,,,,,,,,,,,,,,,,,,,,,,,Asia
Thailand,0.0,0.0,0.0,0.0,0.0,0.0,0.0,0.0,0.0,0.0,0.0,0.0,0.0,0.0,0.0,0.0,0.0,3.0,0.0,0.0,1.0,1.0,1.0,2.0,,,,,,,,,,,,,,,,,,,,,,,,,,,,,,,,,,,,,,,,,,,,,,Asia
United Kingdom,0.0,0.0,1.0,1.0,0.0,1.0,1.0,2.0,2.0,0.0,0.0,13.0,0.0,35.0,0.0,16.0,66.0,40.0,56.0,48.0,54.0,87.0,43.0,114.0,181.0,260.0,210.0,180.0,,,,,,,,,,,,,,,,,,,,,,,,,,,,,,,,,,,,,,,,,,Europe
US,0.0,0.0,0.0,0.0,0.0,1.0,0.0,5.0,1.0,4.0,1.0,2.0,3.0,4.0,1.0,6.0,8.0,4.0,7.0,7.0,9.0,22.0,23.0,10.0,82.0,44.0,63.0,110.0,140.0,149.0,236.0,267.0,372.0,445.0,441.0,511.0,,,,,,,,,,,,,,,,,,,,,,,,,,,,,,,,,,North America
Uzbekistan,0.0,0.0,0.0,1.0,1.0,0.0,0.0,,,,,,,,,,,,,,,,,,,,,,,,,,,,,,,,,,,,,,,,,,,,,,,,,,,,,,,,,,,,,,,Asia
Venezuela,0.0,0.0,0.0,0.0,0.0,0.0,1.0,1.0,0.0,1.0,,,,,,,,,,,,,,,,,,,,,,,,,,,,,,,,,,,,,,,,,,,,,,,,,,,,,,,,,,,,South America
Vietnam,0.0,0.0,0.0,0.0,0.0,0.0,0.0,0.0,0.0,0.0,0.0,0.0,0.0,0.0,0.0,0.0,0.0,,,,,,,,,,,,,,,,,,,,,,,,,,,,,,,,,,,,,,,,,,,,,,,,,,,,,Asia
West Bank and Gaza,0.0,0.0,0.0,0.0,1.0,0.0,0.0,0.0,0.0,,,,,,,,,,,,,,,,,,,,,,,,,,,,,,,,,,,,,,,,,,,,,,,,,,,,,,,,,,,,,Asia
Uruguay,0.0,0.0,0.0,0.0,0.0,0.0,0.0,0.0,0.0,0.0,0.0,1.0,0.0,,,,,,,,,,,,,,,,,,,,,,,,,,,,,,,,,,,,,,,,,,,,,,,,,,,,,,,,,South America
Taiwan*,0.0,0.0,0.0,0.0,0.0,0.0,0.0,1.0,0.0,0.0,0.0,0.0,0.0,0.0,0.0,0.0,0.0,3.0,,,,,,,,,,,,,,,,,,,,,,,,,,,,,,,,,,,,,,,,,,,,,,,,,,,,Asia
San Marino,1.0,0.0,1.0,2.0,0.0,0.0,2.0,0.0,4.0,0.0,3.0,6.0,0.0,0.0,1.0,0.0,0.0,0.0,1.0,0.0,3.0,,,,,,,,,,,,,,,,,,,,,,,,,,,,,,,,,,,,,,,,,,,,,,,,,Europe
Saudi Arabia,0.0,0.0,0.0,0.0,0.0,0.0,0.0,0.0,0.0,0.0,0.0,1.0,1.0,1.0,0.0,1.0,4.0,0.0,,,,,,,,,,,,,,,,,,,,,,,,,,,,,,,,,,,,,,,,,,,,,,,,,,,,Asia
Senegal,0.0,0.0,0.0,0.0,0.0,0.0,0.0,0.0,0.0,,,,,,,,,,,,,,,,,,,,,,,,,,,,,,,,,,,,,,,,,,,,,,,,,,,,,,,,,,,,,Africa
Serbia,0.0,0.0,0.0,0.0,1.0,0.0,1.0,1.0,0.0,1.0,-3.0,0.0,9.0,3.0,3.0,,,,,,,,,,,,,,,,,,,,,,,,,,,,,,,,,,,,,,,,,,,,,,,,,,,,,,,Europe
Singapore,0.0,0.0,0.0,0.0,0.0,0.0,0.0,0.0,0.0,0.0,0.0,0.0,0.0,0.0,0.0,0.0,0.0,0.0,0.0,0.0,0.0,0.0,0.0,0.0,0.0,0.0,0.0,0.0,0.0,0.0,0.0,0.0,0.0,0.0,0.0,0.0,0.0,0.0,2.0,0.0,0.0,0.0,0.0,0.0,0.0,0.0,1.0,0.0,,,,,,,,,,,,,,,,,,,,,,Asia
Slovakia,0.0,0.0,0.0,1.0,0.0,0.0,0.0,-1.0,0.0,0.0,0.0,0.0,0.0,0.0,0.0,0.0,,,,,,,,,,,,,,,,,,,,,,,,,,,,,,,,,,,,,,,,,,,,,,,,,,,,,,Europe
Slovenia,0.0,0.0,0.0,1.0,0.0,0.0,0.0,0.0,0.0,0.0,0.0,1.0,1.0,1.0,1.0,1.0,3.0,0.0,2.0,0.0,,,,,,,,,,,,,,,,,,,,,,,,,,,,,,,,,,,,,,,,,,,,,,,,,,Europe
South Africa,0.0,0.0,0.0,0.0,0.0,0.0,0.0,0.0,0.0,0.0,0.0,0.0,1.0,0.0,1.0,1.0,,,,,,,,,,,,,,,,,,,,,,,,,,,,,,,,,,,,,,,,,,,,,,,,,,,,,,Africa
Spain,0.0,0.0,1.0,1.0,1.0,2.0,5.0,7.0,11.0,7.0,19.0,1.0,78.0,62.0,94.0,53.0,191.0,90.0,207.0,213.0,332.0,397.0,539.0,497.0,839.0,718.0,773.0,844.0,821.0,913.0,,,,,,,,,,,,,,,,,,,,,,,,,,,,,,,,,,,,,,,,Europe
Sri Lanka,0.0,0.0,0.0,0.0,0.0,0.0,0.0,0.0,0.0,0.0,1.0,0.0,1.0,,,,,,,,,,,,,,,,,,,,,,,,,,,,,,,,,,,,,,,,,,,,,,,,,,,,,,,,,Asia
Sweden,0.0,0.0,0.0,0.0,0.0,0.0,1.0,0.0,0.0,1.0,1.0,3.0,1.0,3.0,1.0,5.0,4.0,1.0,4.0,11.0,26.0,15.0,28.0,0.0,5.0,36.0,,,,,,,,,,,,,,,,,,,,,,,,,,,,,,,,,,,,,,,,,,,,Europe
Switzerland,0.0,0.0,1.0,0.0,0.0,1.0,0.0,1.0,1.0,0.0,7.0,2.0,1.0,0.0,13.0,1.0,13.0,13.0,21.0,23.0,22.0,2.0,31.0,38.0,40.0,33.0,36.0,59.0,,,,,,,,,,,,,,,,,,,,,,,,,,,,,,,,,,,,,,,,,,Europe
Russia,0.0,0.0,0.0,0.0,0.0,1.0,0.0,0.0,0.0,0.0,0.0,2.0,0.0,1.0,0.0,4.0,1.0,,,,,,,,,,,,,,,,,,,,,,,,,,,,,,,,,,,,,,,,,,,,,,,,,,,,,Europe
Kosovo,1.0,0.0,0.0,0.0,0.0,,,,,,,,,,,,,,,,,,,,,,,,,,,,,,,,,,,,,,,,,,,,,,,,,,,,,,,,,,,,,,,,,Europe
Qatar,0.0,0.0,0.0,0.0,0.0,0.0,0.0,0.0,0.0,0.0,0.0,0.0,0.0,0.0,0.0,0.0,0.0,1.0,0.0,0.0,,,,,,,,,,,,,,,,,,,,,,,,,,,,,,,,,,,,,,,,,,,,,,,,,,Asia
Kenya,0.0,,,,,,,,,,,,,,,,,,,,,,,,,,,,,,,,,,,,,,,,,,,,,,,,,,,,,,,,,,,,,,,,,,,,,Africa
Bulgaria,0.0,0.0,0.0,0.0,1.0,0.0,0.0,0.0,0.0,0.0,0.0,0.0,0.0,4.0,1.0,0.0,,,,,,,,,,,,,,,,,,,,,,,,,,,,,,,,,,,,,,,,,,,,,,,,,,,,,,Europe
Burkina Faso,1.0,2.0,0.0,0.0,0.0,3.0,2.0,2.0,1.0,0.0,,,,,,,,,,,,,,,,,,,,,,,,,,,,,,,,,,,,,,,,,,,,,,,,,,,,,,,,,,,,Africa
Cambodia,0.0,0.0,0.0,0.0,0.0,0.0,0.0,0.0,0.0,0.0,0.0,,,,,,,,,,,,,,,,,,,,,,,,,,,,,,,,,,,,,,,,,,,,,,,,,,,,,,,,,,,Asia
Cameroon,0.0,0.0,1.0,0.0,1.0,0.0,4.0,0.0,,,,,,,,,,,,,,,,,,,,,,,,,,,,,,,,,,,,,,,,,,,,,,,,,,,,,,,,,,,,,,Africa
Canada,0.0,0.0,1.0,0.0,0.0,0.0,0.0,0.0,0.0,3.0,1.0,3.0,1.0,3.0,7.0,2.0,4.0,1.0,4.0,8.0,16.0,7.0,3.0,16.0,,,,,,,,,,,,,,,,,,,,,,,,,,,,,,,,,,,,,,,,,,,,,,North America
Brazil,0.0,0.0,0.0,0.0,0.0,1.0,2.0,3.0,5.0,4.0,10.0,9.0,12.0,13.0,18.0,15.0,19.0,25.0,23.0,,,,,,,,,,,,,,,,,,,,,,,,,,,,,,,,,,,,,,,,,,,,,,,,,,,South America
China,17.0,1.0,8.0,16.0,14.0,26.0,49.0,2.0,38.0,42.0,46.0,102.0,64.0,66.0,72.0,70.0,85.0,87.0,100.0,107.0,100.0,5.0,252.0,152.0,142.0,103.0,98.0,139.0,113.0,122.0,0.0,205.0,2.0,150.0,70.0,52.0,29.0,44.0,47.0,35.0,42.0,33.0,36.0,32.0,29.0,28.0,28.0,23.0,16.0,22.0,11.0,8.0,13.0,10.0,14.0,13.0,11.0,8.0,4.0,6.0,15.0,0.0,7.0,4.0,6.0,5.0,3.0,5.0,4.0,Asia
Colombia,0.0,0.0,0.0,0.0,0.0,0.0,2.0,1.0,0.0,1.0,2.0,0.0,0.0,4.0,2.0,,,,,,,,,,,,,,,,,,,,,,,,,,,,,,,,,,,,,,,,,,,,,,,,,,,,,,,South America
Congo (Kinshasa),1.0,0.0,3.0,0.0,2.0,,,,,,,,,,,,,,,,,,,,,,,,,,,,,,,,,,,,,,,,,,,,,,,,,,,,,,,,,,,,,,,,,Africa
Costa Rica,0.0,1.0,0.0,1.0,0.0,0.0,0.0,0.0,0.0,0.0,0.0,0.0,0.0,,,,,,,,,,,,,,,,,,,,,,,,,,,,,,,,,,,,,,,,,,,,,,,,,,,,,,,,,North America
Cote d'Ivoire,0.0,0.0,0.0,0.0,0.0,1.0,0.0,,,,,,,,,,,,,,,,,,,,,,,,,,,,,,,,,,,,,,,,,,,,,,,,,,,,,,,,,,,,,,,Africa
Croatia,0.0,0.0,0.0,1.0,0.0,0.0,0.0,0.0,0.0,0.0,2.0,0.0,2.0,1.0,0.0,,,,,,,,,,,,,,,,,,,,,,,,,,,,,,,,,,,,,,,,,,,,,,,,,,,,,,,Europe
Cuba,0.0,1.0,0.0,1.0,0.0,1.0,,,,,,,,,,,,,,,,,,,,,,,,,,,,,,,,,,,,,,,,,,,,,,,,,,,,,,,,,,,,,,,,North America
Chile,0.0,0.0,0.0,0.0,0.0,0.0,0.0,0.0,1.0,1.0,0.0,1.0,1.0,1.0,1.0,1.0,1.0,,,,,,,,,,,,,,,,,,,,,,,,,,,,,,,,,,,,,,,,,,,,,,,,,,,,,South America
Bosnia and Herzegovina,0.0,0.0,1.0,0.0,0.0,2.0,0.0,0.0,1.0,1.0,1.0,4.0,,,,,,,,,,,,,,,,,,,,,,,,,,,,,,,,,,,,,,,,,,,,,,,,,,,,,,,,,,Europe
Bolivia,0.0,0.0,1.0,3.0,,,,,,,,,,,,,,,,,,,,,,,,,,,,,,,,,,,,,,,,,,,,,,,,,,,,,,,,,,,,,,,,,,South America
"Korea, South",1.0,1.0,0.0,4.0,2.0,2.0,2.0,1.0,0.0,3.0,1.0,11.0,0.0,7.0,0.0,7.0,2.0,6.0,3.0,1.0,6.0,6.0,0.0,6.0,3.0,0.0,6.0,3.0,7.0,3.0,8.0,9.0,0.0,9.0,6.0,5.0,8.0,5.0,8.0,6.0,,,,,,,,,,,,,,,,,,,,,,,,,,,,,,Asia
Albania,0.0,0.0,1.0,0.0,0.0,0.0,0.0,2.0,1.0,0.0,1.0,2.0,2.0,0.0,1.0,,,,,,,,,,,,,,,,,,,,,,,,,,,,,,,,,,,,,,,,,,,,,,,,,,,,,,,Europe
Algeria,0.0,0.0,3.0,2.0,2.0,4.0,2.0,0.0,2.0,2.0,4.0,1.0,3.0,2.0,4.0,,,,,,,,,,,,,,,,,,,,,,,,,,,,,,,,,,,,,,,,,,,,,,,,,,,,,,,Africa
Andorra,0.0,0.0,0.0,1.0,0.0,0.0,0.0,2.0,0.0,0.0,3.0,2.0,,,,,,,,,,,,,,,,,,,,,,,,,,,,,,,,,,,,,,,,,,,,,,,,,,,,,,,,,,Europe
Argentina,0.0,0.0,0.0,1.0,0.0,1.0,0.0,0.0,2.0,2.0,1.0,4.0,5.0,1.0,4.0,,,,,,,,,,,,,,,,,,,,,,,,,,,,,,,,,,,,,,,,,,,,,,,,,,,,,,,South America
Armenia,0.0,0.0,0.0,0.0,0.0,0.0,0.0,0.0,0.0,0.0,1.0,0.0,0.0,2.0,0.0,,,,,,,,,,,,,,,,,,,,,,,,,,,,,,,,,,,,,,,,,,,,,,,,,,,,,,,Asia
Australia,1.0,0.0,0.0,0.0,1.0,0.0,0.0,0.0,0.0,0.0,0.0,0.0,0.0,2.0,1.0,0.0,1.0,0.0,0.0,0.0,1.0,0.0,5.0,0.0,1.0,2.0,1.0,,,,,,,,,,,,,,,,,,,,,,,,,,,,,,,,,,,,,,,,,,,Oceania
Austria,0.0,0.0,0.0,0.0,0.0,0.0,1.0,0.0,0.0,0.0,2.0,0.0,1.0,2.0,0.0,2.0,8.0,5.0,7.0,2.0,19.0,9.0,10.0,18.0,22.0,,,,,,,,,,,,,,,,,,,,,,,,,,,,,,,,,,,,,,,,,,,,,Europe
Azerbaijan,0.0,0.0,0.0,0.0,1.0,1.0,0.0,1.0,0.0,0.0,,,,,,,,,,,,,,,,,,,,,,,,,,,,,,,,,,,,,,,,,,,,,,,,,,,,,,,,,,,,Asia
Bahrain,0.0,0.0,0.0,0.0,0.0,0.0,0.0,0.0,0.0,0.0,0.0,0.0,1.0,0.0,0.0,0.0,0.0,0.0,1.0,0.0,1.0,1.0,0.0,0.0,0.0,0.0,0.0,,,,,,,,,,,,,,,,,,,,,,,,,,,,,,,,,,,,,,,,,,,Asia
Belarus,0.0,0.0,0.0,0.0,0.0,0.0,0.0,0.0,0.0,0.0,0.0,0.0,0.0,,,,,,,,,,,,,,,,,,,,,,,,,,,,,,,,,,,,,,,,,,,,,,,,,,,,,,,,,Europe
Belgium,0.0,0.0,0.0,0.0,0.0,0.0,3.0,0.0,0.0,1.0,0.0,1.0,5.0,4.0,7.0,16.0,30.0,8.0,13.0,34.0,56.0,42.0,69.0,64.0,78.0,82.0,,,,,,,,,,,,,,,,,,,,,,,,,,,,,,,,,,,,,,,,,,,,Europe
Cyprus,0.0,0.0,0.0,1.0,0.0,2.0,0.0,0.0,2.0,0.0,0.0,2.0,,,,,,,,,,,,,,,,,,,,,,,,,,,,,,,,,,,,,,,,,,,,,,,,,,,,,,,,,,Europe
Czechia,0.0,0.0,0.0,0.0,0.0,0.0,0.0,0.0,0.0,0.0,0.0,1.0,0.0,2.0,3.0,3.0,0.0,2.0,5.0,7.0,,,,,,,,,,,,,,,,,,,,,,,,,,,,,,,,,,,,,,,,,,,,,,,,,,Europe
Brunei,0.0,0.0,0.0,0.0,0.0,0.0,0.0,0.0,0.0,0.0,0.0,0.0,0.0,1.0,0.0,0.0,,,,,,,,,,,,,,,,,,,,,,,,,,,,,,,,,,,,,,,,,,,,,,,,,,,,,,Asia
Jordan,0.0,0.0,0.0,0.0,0.0,0.0,0.0,0.0,0.0,1.0,0.0,2.0,2.0,,,,,,,,,,,,,,,,,,,,,,,,,,,,,,,,,,,,,,,,,,,,,,,,,,,,,,,,,Asia
Honduras,1.0,0.0,0.0,2.0,4.0,,,,,,,,,,,,,,,,,,,,,,,,,,,,,,,,,,,,,,,,,,,,,,,,,,,,,,,,,,,,,,,,,North America
Iceland,0.0,0.0,0.0,0.0,0.0,0.0,0.0,0.0,5.0,-5.0,1.0,0.0,0.0,-1.0,1.0,0.0,0.0,1.0,0.0,0.0,0.0,0.0,0.0,0.0,,,,,,,,,,,,,,,,,,,,,,,,,,,,,,,,,,,,,,,,,,,,,,Europe
India,0.0,1.0,0.0,1.0,0.0,0.0,0.0,1.0,0.0,1.0,1.0,-1.0,3.0,3.0,0.0,2.0,8.0,0.0,4.0,3.0,5.0,,,,,,,,,,,,,,,,,,,,,,,,,,,,,,,,,,,,,,,,,,,,,,,,,Asia
Indonesia,3.0,1.0,0.0,0.0,0.0,14.0,6.0,7.0,6.0,10.0,1.0,6.0,3.0,20.0,9.0,15.0,12.0,8.0,,,,,,,,,,,,,,,,,,,,,,,,,,,,,,,,,,,,,,,,,,,,,,,,,,,,Asia
Iran,4.0,4.0,3.0,7.0,8.0,9.0,11.0,12.0,11.0,15.0,15.0,17.0,21.0,49.0,43.0,54.0,63.0,75.0,85.0,97.0,113.0,129.0,135.0,147.0,149.0,149.0,123.0,129.0,127.0,122.0,143.0,157.0,144.0,139.0,123.0,117.0,,,,,,,,,,,,,,,,,,,,,,,,,,,,,,,,,,Asia
Iraq,1.0,2.0,0.0,1.0,0.0,1.0,1.0,1.0,0.0,0.0,1.0,1.0,1.0,4.0,0.0,3.0,3.0,4.0,2.0,7.0,4.0,2.0,0.0,4.0,,,,,,,,,,,,,,,,,,,,,,,,,,,,,,,,,,,,,,,,,,,,,,Asia
Ireland,0.0,1.0,0.0,0.0,0.0,0.0,1.0,0.0,0.0,1.0,2.0,1.0,2.0,10.0,3.0,14.0,10.0,8.0,,,,,,,,,,,,,,,,,,,,,,,,,,,,,,,,,,,,,,,,,,,,,,,,,,,,Europe
Israel,0.0,0.0,0.0,0.0,0.0,0.0,0.0,0.0,0.0,0.0,0.0,0.0,0.0,1.0,0.0,0.0,2.0,2.0,3.0,4.0,0.0,3.0,1.0,,,,,,,,,,,,,,,,,,,,,,,,,,,,,,,,,,,,,,,,,,,,,,,Asia
Italy,1.0,1.0,4.0,3.0,2.0,5.0,4.0,8.0,5.0,18.0,27.0,28.0,41.0,49.0,36.0,133.0,97.0,168.0,196.0,0.0,439.0,175.0,368.0,349.0,345.0,475.0,427.0,627.0,793.0,651.0,601.0,743.0,683.0,712.0,919.0,889.0,756.0,812.0,,,,,,,,,,,,,,,,,,,,,,,,,,,,,,,,Europe
Japan,0.0,0.0,0.0,0.0,0.0,0.0,0.0,0.0,0.0,0.0,1.0,2.0,0.0,1.0,1.0,0.0,0.0,0.0,0.0,0.0,0.0,0.0,4.0,0.0,5.0,1.0,3.0,3.0,0.0,5.0,2.0,0.0,0.0,4.0,2.0,6.0,1.0,1.0,2.0,2.0,2.0,3.0,2.0,0.0,,,,,,,,,,,,,,,,,,,,,,,,,,Asia
Denmark,0.0,0.0,0.0,0.0,0.0,1.0,1.0,1.0,1.0,0.0,2.0,3.0,4.0,0.0,11.0,8.0,2.0,7.0,11.0,13.0,7.0,5.0,,,,,,,,,,,,,,,,,,,,,,,,,,,,,,,,,,,,,,,,,,,,,,,,Europe
Kazakhstan,-3.0,0.0,0.0,0.0,0.0,1.0,0.0,0.0,0.0,0.0,,,,,,,,,,,,,,,,,,,,,,,,,,,,,,,,,,,,,,,,,,,,,,,,,,,,,,,,,,,,Asia
Greece,0.0,0.0,0.0,1.0,0.0,0.0,2.0,1.0,0.0,1.0,0.0,1.0,0.0,7.0,2.0,2.0,3.0,2.0,4.0,2.0,4.0,6.0,5.0,,,,,,,,,,,,,,,,,,,,,,,,,,,,,,,,,,,,,,,,,,,,,,,Europe
Hungary,0.0,0.0,0.0,2.0,1.0,2.0,1.0,2.0,1.0,0.0,0.0,1.0,2.0,2.0,,,,,,,,,,,,,,,,,,,,,,,,,,,,,,,,,,,,,,,,,,,,,,,,,,,,,,,,Europe
Diamond Princess,0.0,0.0,0.0,0.0,0.0,0.0,0.0,0.0,0.0,0.0,0.0,0.0,0.0,2.0,0.0,0.0,1.0,0.0,0.0,1.0,0.0,2.0,0.0,0.0,0.0,0.0,0.0,0.0,0.0,0.0,0.0,0.0,0.0,1.0,0.0,0.0,0.0,0.0,0.0,0.0,0.0,0.0,0.0,1.0,0.0,0.0,2.0,0.0,0.0,0.0,0.0,0.0,0.0,,,,,,,,,,,,,,,,,Other
Ghana,0.0,2.0,0.0,0.0,1.0,0.0,0.0,,,,,,,,,,,,,,,,,,,,,,,,,,,,,,,,,,,,,,,,,,,,,,,,,,,,,,,,,,,,,,,Africa
Dominican Republic,0.0,0.0,1.0,0.0,3.0,4.0,0.0,10.0,8.0,11.0,3.0,,,,,,,,,,,,,,,,,,,,,,,,,,,,,,,,,,,,,,,,,,,,,,,,,,,,,,,,,,,North America
Ecuador,0.0,0.0,1.0,2.0,2.0,7.0,4.0,9.0,1.0,6.0,2.0,12.0,10.0,2.0,,,,,,,,,,,,,,,,,,,,,,,,,,,,,,,,,,,,,,,,,,,,,,,,,,,,,,,,South America
Egypt,0.0,0.0,0.0,0.0,1.0,0.0,0.0,0.0,2.0,2.0,0.0,2.0,2.0,4.0,5.0,1.0,1.0,3.0,6.0,6.0,4.0,1.0,,,,,,,,,,,,,,,,,,,,,,,,,,,,,,,,,,,,,,,,,,,,,,,,Africa
Estonia,0.0,0.0,0.0,0.0,0.0,0.0,0.0,0.0,0.0,0.0,0.0,0.0,1.0,0.0,0.0,0.0,2.0,0.0,,,,,,,,,,,,,,,,,,,,,,,,,,,,,,,,,,,,,,,,,,,,,,,,,,,,Europe
Germany,0.0,0.0,0.0,0.0,0.0,0.0,0.0,0.0,0.0,2.0,0.0,1.0,0.0,4.0,2.0,2.0,6.0,7.0,4.0,16.0,23.0,17.0,10.0,29.0,34.0,49.0,61.0,75.0,91.0,100.0,112.0,,,,,,,,,,,,,,,,,,,,,,,,,,,,,,,,,,,,,,,Europe
Georgia,0.0,0.0,0.0,0.0,0.0,0.0,0.0,0.0,0.0,,,,,,,,,,,,,,,,,,,,,,,,,,,,,,,,,,,,,,,,,,,,,,,,,,,,,,,,,,,,,Asia
Finland,0.0,0.0,0.0,0.0,0.0,0.0,0.0,0.0,0.0,0.0,1.0,0.0,0.0,0.0,2.0,2.0,2.0,2.0,2.0,2.0,,,,,,,,,,,,,,,,,,,,,,,,,,,,,,,,,,,,,,,,,,,,,,,,,,Europe
France,0.0,0.0,0.0,1.0,1.0,0.0,2.0,3.0,2.0,8.0,0.0,14.0,15.0,0.0,31.0,12.0,0.0,58.0,0.0,0.0,95.0,207.0,112.0,113.0,186.0,240.0,231.0,365.0,299.0,320.0,294.0,419.0,,,,,,,,,,,,,,,,,,,,,,,,,,,,,,,,,,,,,,Europe
