country,Day 1,Day 2,Day 3,Day 4,Day 5,Day 6,Day 7,Day 8,Day 9,Day 10,Day 11,Day 12,Day 13,Day 14,Day 15,Day 16,Day 17,Day 18,Day 19,Day 20,Day 21,Day 22,Day 23,Day 24,Day 25,Day 26,Day 27,Day 28,Day 29,Day 30,Day 31,Day 32,Day 33,Day 34,Day 35,Day 36,Day 37,Day 38,Day 39,Day 40,Day 41,Day 42,Day 43,Day 44,Day 45,Day 46,Day 47,Day 48,Day 49,Day 50,Day 51,Day 52,Day 53,Day 54,Day 55,Day 56,Day 57,Day 58,Day 59,Day 60,Day 61,Day 62,Day 63,Day 64,Day 65,Day 66,Day 67,Day 68,Day 69,Day 70,Day 71,Day 72,Day 73,continent
Afghanistan,1.0,2.0,4.0,4.0,4.0,4.0,4.0,4.0,4.0,6.0,6.0,,,,,,,,,,,,,,,,,,,,,,,,,,,,,,,,,,,,,,,,,,,,,,,,,,,,,,,,,,,,,,,Asia
Netherlands,0.0,1.0,1.0,3.0,3.0,4.0,5.0,5.0,10.0,12.0,20.0,24.0,43.0,58.0,77.0,107.0,137.0,180.0,214.0,277.0,357.0,435.0,547.0,640.0,772.0,865.0,1040.0,1175.0,1341.0,1490.0,,,,,,,,,,,,,,,,,,,,,,,,,,,,,,,,,,,,,,,,,,,,Europe
New Zealand,0.0,0.0,0.0,0.0,0.0,0.0,0.0,0.0,1.0,1.0,1.0,1.0,1.0,1.0,,,,,,,,,,,,,,,,,,,,,,,,,,,,,,,,,,,,,,,,,,,,,,,,,,,,,,,,,,,,Oceania
Niger,5.0,5.0,5.0,,,,,,,,,,,,,,,,,,,,,,,,,,,,,,,,,,,,,,,,,,,,,,,,,,,,,,,,,,,,,,,,,,,,,,,Africa
Nigeria,1.0,1.0,1.0,1.0,1.0,2.0,2.0,2.0,2.0,4.0,,,,,,,,,,,,,,,,,,,,,,,,,,,,,,,,,,,,,,,,,,,,,,,,,,,,,,,,,,,,,,,,Africa
North Macedonia,0.0,0.0,1.0,2.0,2.0,3.0,3.0,3.0,4.0,6.0,7.0,9.0,11.0,11.0,12.0,,,,,,,,,,,,,,,,,,,,,,,,,,,,,,,,,,,,,,,,,,,,,,,,,,,,,,,,,,,Europe
Norway,0.0,0.0,0.0,0.0,0.0,0.0,0.0,0.0,0.0,0.0,3.0,3.0,3.0,3.0,6.0,7.0,7.0,7.0,7.0,10.0,12.0,14.0,14.0,19.0,23.0,25.0,32.0,39.0,44.0,50.0,59.0,,,,,,,,,,,,,,,,,,,,,,,,,,,,,,,,,,,,,,,,,,,Europe
Oman,0.0,0.0,0.0,0.0,0.0,0.0,0.0,0.0,0.0,0.0,1.0,1.0,1.0,1.0,,,,,,,,,,,,,,,,,,,,,,,,,,,,,,,,,,,,,,,,,,,,,,,,,,,,,,,,,,,,Asia
Panama,1.0,1.0,1.0,1.0,1.0,1.0,3.0,6.0,6.0,8.0,8.0,9.0,14.0,17.0,24.0,30.0,30.0,32.0,37.0,,,,,,,,,,,,,,,,,,,,,,,,,,,,,,,,,,,,,,,,,,,,,,,,,,,,,,,North America
Paraguay,3.0,3.0,3.0,3.0,3.0,3.0,3.0,3.0,,,,,,,,,,,,,,,,,,,,,,,,,,,,,,,,,,,,,,,,,,,,,,,,,,,,,,,,,,,,,,,,,,South America
Peru,0.0,0.0,0.0,0.0,3.0,5.0,5.0,5.0,7.0,9.0,9.0,11.0,16.0,18.0,24.0,30.0,38.0,55.0,61.0,,,,,,,,,,,,,,,,,,,,,,,,,,,,,,,,,,,,,,,,,,,,,,,,,,,,,,,South America
Philippines,2.0,5.0,8.0,11.0,12.0,12.0,19.0,17.0,18.0,19.0,25.0,33.0,35.0,38.0,45.0,54.0,68.0,71.0,78.0,88.0,96.0,107.0,136.0,,,,,,,,,,,,,,,,,,,,,,,,,,,,,,,,,,,,,,,,,,,,,,,,,,,Asia
Poland,2.0,3.0,3.0,4.0,5.0,5.0,5.0,5.0,5.0,7.0,8.0,10.0,14.0,16.0,16.0,18.0,22.0,31.0,33.0,43.0,57.0,71.0,,,,,,,,,,,,,,,,,,,,,,,,,,,,,,,,,,,,,,,,,,,,,,,,,,,,Europe
Portugal,0.0,0.0,0.0,0.0,0.0,0.0,1.0,2.0,3.0,6.0,12.0,14.0,23.0,33.0,43.0,60.0,76.0,100.0,119.0,140.0,160.0,187.0,209.0,246.0,,,,,,,,,,,,,,,,,,,,,,,,,,,,,,,,,,,,,,,,,,,,,,,,,,Europe
Qatar,0.0,0.0,0.0,0.0,0.0,0.0,0.0,0.0,0.0,0.0,0.0,0.0,0.0,0.0,0.0,0.0,0.0,1.0,1.0,1.0,2.0,2.0,3.0,3.0,,,,,,,,,,,,,,,,,,,,,,,,,,,,,,,,,,,,,,,,,,,,,,,,,,Asia
Pakistan,0.0,0.0,0.0,0.0,2.0,3.0,3.0,5.0,6.0,7.0,8.0,9.0,11.0,12.0,14.0,21.0,26.0,27.0,34.0,40.0,,,,,,,,,,,,,,,,,,,,,,,,,,,,,,,,,,,,,,,,,,,,,,,,,,,,,,Asia
Morocco,2.0,3.0,3.0,4.0,4.0,5.0,6.0,11.0,23.0,25.0,26.0,33.0,36.0,39.0,44.0,48.0,,,,,,,,,,,,,,,,,,,,,,,,,,,,,,,,,,,,,,,,,,,,,,,,,,,,,,,,,,Africa
Latvia,0.0,0.0,0.0,0.0,0.0,0.0,0.0,0.0,0.0,0.0,0.0,0.0,0.0,0.0,0.0,0.0,1.0,,,,,,,,,,,,,,,,,,,,,,,,,,,,,,,,,,,,,,,,,,,,,,,,,,,,,,,,,Europe
Lebanon,3.0,3.0,3.0,3.0,3.0,3.0,3.0,3.0,4.0,4.0,4.0,4.0,4.0,4.0,6.0,6.0,8.0,8.0,10.0,11.0,12.0,14.0,16.0,17.0,,,,,,,,,,,,,,,,,,,,,,,,,,,,,,,,,,,,,,,,,,,,,,,,,,Asia
Liechtenstein,0.0,0.0,0.0,0.0,0.0,0.0,0.0,0.0,0.0,0.0,0.0,0.0,,,,,,,,,,,,,,,,,,,,,,,,,,,,,,,,,,,,,,,,,,,,,,,,,,,,,,,,,,,,,,Europe
Lithuania,1.0,1.0,1.0,2.0,4.0,4.0,5.0,7.0,7.0,7.0,8.0,8.0,9.0,9.0,,,,,,,,,,,,,,,,,,,,,,,,,,,,,,,,,,,,,,,,,,,,,,,,,,,,,,,,,,,,Europe
Luxembourg,1.0,1.0,1.0,1.0,2.0,4.0,4.0,8.0,8.0,8.0,8.0,8.0,9.0,15.0,18.0,21.0,22.0,23.0,29.0,30.0,31.0,,,,,,,,,,,,,,,,,,,,,,,,,,,,,,,,,,,,,,,,,,,,,,,,,,,,,Europe
Madagascar,0.0,0.0,0.0,0.0,,,,,,,,,,,,,,,,,,,,,,,,,,,,,,,,,,,,,,,,,,,,,,,,,,,,,,,,,,,,,,,,,,,,,,Africa
Malaysia,0.0,0.0,0.0,0.0,0.0,0.0,0.0,0.0,0.0,0.0,0.0,0.0,0.0,2.0,2.0,2.0,3.0,4.0,10.0,14.0,16.0,20.0,23.0,26.0,27.0,35.0,37.0,43.0,45.0,50.0,53.0,,,,,,,,,,,,,,,,,,,,,,,,,,,,,,,,,,,,,,,,,,,Asia
Malta,0.0,0.0,0.0,0.0,0.0,0.0,0.0,0.0,0.0,0.0,0.0,0.0,0.0,0.0,0.0,0.0,,,,,,,,,,,,,,,,,,,,,,,,,,,,,,,,,,,,,,,,,,,,,,,,,,,,,,,,,,Europe
Mauritius,2.0,2.0,2.0,3.0,3.0,5.0,6.0,7.0,7.0,,,,,,,,,,,,,,,,,,,,,,,,,,,,,,,,,,,,,,,,,,,,,,,,,,,,,,,,,,,,,,,,,Africa
Mexico,0.0,0.0,0.0,1.0,1.0,2.0,2.0,3.0,4.0,5.0,6.0,8.0,12.0,16.0,20.0,28.0,29.0,37.0,50.0,,,,,,,,,,,,,,,,,,,,,,,,,,,,,,,,,,,,,,,,,,,,,,,,,,,,,,,North America
Moldova,1.0,1.0,1.0,1.0,1.0,1.0,1.0,2.0,2.0,2.0,2.0,4.0,5.0,6.0,8.0,,,,,,,,,,,,,,,,,,,,,,,,,,,,,,,,,,,,,,,,,,,,,,,,,,,,,,,,,,,Europe
Monaco,1.0,1.0,1.0,1.0,,,,,,,,,,,,,,,,,,,,,,,,,,,,,,,,,,,,,,,,,,,,,,,,,,,,,,,,,,,,,,,,,,,,,,Europe
Montenegro,1.0,1.0,1.0,1.0,1.0,1.0,2.0,2.0,2.0,2.0,,,,,,,,,,,,,,,,,,,,,,,,,,,,,,,,,,,,,,,,,,,,,,,,,,,,,,,,,,,,,,,,Europe
Romania,0.0,0.0,0.0,0.0,0.0,0.0,0.0,0.0,0.0,3.0,7.0,11.0,17.0,23.0,26.0,37.0,43.0,65.0,82.0,92.0,115.0,133.0,,,,,,,,,,,,,,,,,,,,,,,,,,,,,,,,,,,,,,,,,,,,,,,,,,,,Europe
Rwanda,0.0,0.0,0.0,0.0,0.0,0.0,0.0,0.0,0.0,,,,,,,,,,,,,,,,,,,,,,,,,,,,,,,,,,,,,,,,,,,,,,,,,,,,,,,,,,,,,,,,,Africa
Trinidad and Tobago,0.0,0.0,0.0,1.0,1.0,2.0,3.0,3.0,3.0,3.0,5.0,5.0,6.0,,,,,,,,,,,,,,,,,,,,,,,,,,,,,,,,,,,,,,,,,,,,,,,,,,,,,,,,,,,,,North America
Tunisia,1.0,1.0,3.0,3.0,4.0,5.0,6.0,6.0,8.0,8.0,8.0,10.0,12.0,14.0,18.0,,,,,,,,,,,,,,,,,,,,,,,,,,,,,,,,,,,,,,,,,,,,,,,,,,,,,,,,,,,Africa
Turkey,1.0,3.0,4.0,9.0,30.0,37.0,44.0,59.0,75.0,92.0,108.0,131.0,168.0,214.0,277.0,356.0,425.0,,,,,,,,,,,,,,,,,,,,,,,,,,,,,,,,,,,,,,,,,,,,,,,,,,,,,,,,,Asia
Ukraine,3.0,3.0,3.0,5.0,5.0,5.0,9.0,10.0,13.0,17.0,20.0,22.0,27.0,,,,,,,,,,,,,,,,,,,,,,,,,,,,,,,,,,,,,,,,,,,,,,,,,,,,,,,,,,,,,Europe
United Arab Emirates,0.0,0.0,0.0,0.0,0.0,0.0,0.0,0.0,0.0,0.0,2.0,2.0,2.0,2.0,2.0,2.0,2.0,2.0,2.0,3.0,5.0,6.0,8.0,8.0,9.0,,,,,,,,,,,,,,,,,,,,,,,,,,,,,,,,,,,,,,,,,,,,,,,,,Asia
United Kingdom,0.0,0.0,1.0,2.0,2.0,3.0,4.0,6.0,8.0,8.0,8.0,21.0,21.0,56.0,56.0,72.0,138.0,178.0,234.0,282.0,336.0,423.0,466.0,580.0,761.0,1021.0,1231.0,1411.0,1793.0,2357.0,2926.0,3611.0,,,,,,,,,,,,,,,,,,,,,,,,,,,,,,,,,,,,,,,,,,Europe
Uruguay,0.0,0.0,0.0,0.0,0.0,0.0,0.0,0.0,0.0,0.0,0.0,1.0,1.0,1.0,2.0,4.0,4.0,,,,,,,,,,,,,,,,,,,,,,,,,,,,,,,,,,,,,,,,,,,,,,,,,,,,,,,,,South America
US,0.0,0.0,0.0,0.0,0.0,1.0,1.0,6.0,7.0,11.0,12.0,14.0,17.0,21.0,22.0,28.0,36.0,40.0,47.0,54.0,63.0,85.0,108.0,118.0,200.0,244.0,307.0,417.0,557.0,706.0,942.0,1209.0,1581.0,2026.0,2467.0,2978.0,3873.0,4757.0,5926.0,7087.0,,,,,,,,,,,,,,,,,,,,,,,,,,,,,,,,,,North America
Uzbekistan,0.0,0.0,0.0,1.0,2.0,2.0,2.0,2.0,2.0,2.0,2.0,,,,,,,,,,,,,,,,,,,,,,,,,,,,,,,,,,,,,,,,,,,,,,,,,,,,,,,,,,,,,,,Asia
Venezuela,0.0,0.0,0.0,0.0,0.0,0.0,1.0,2.0,2.0,3.0,3.0,3.0,5.0,7.0,,,,,,,,,,,,,,,,,,,,,,,,,,,,,,,,,,,,,,,,,,,,,,,,,,,,,,,,,,,,South America
Vietnam,0.0,0.0,0.0,0.0,0.0,0.0,0.0,0.0,0.0,0.0,0.0,0.0,0.0,0.0,0.0,0.0,0.0,0.0,0.0,0.0,0.0,,,,,,,,,,,,,,,,,,,,,,,,,,,,,,,,,,,,,,,,,,,,,,,,,,,,,Asia
West Bank and Gaza,0.0,0.0,0.0,0.0,1.0,1.0,1.0,1.0,1.0,1.0,1.0,1.0,1.0,,,,,,,,,,,,,,,,,,,,,,,,,,,,,,,,,,,,,,,,,,,,,,,,,,,,,,,,,,,,,Asia
San Marino,2.0,2.0,3.0,5.0,5.0,5.0,7.0,7.0,11.0,11.0,14.0,20.0,20.0,20.0,21.0,21.0,21.0,21.0,22.0,22.0,25.0,26.0,26.0,30.0,30.0,,,,,,,,,,,,,,,,,,,,,,,,,,,,,,,,,,,,,,,,,,,,,,,,,Europe
Saudi Arabia,0.0,0.0,0.0,0.0,0.0,0.0,0.0,0.0,0.0,0.0,0.0,1.0,2.0,3.0,3.0,4.0,8.0,8.0,10.0,16.0,21.0,25.0,,,,,,,,,,,,,,,,,,,,,,,,,,,,,,,,,,,,,,,,,,,,,,,,,,,,Asia
Senegal,0.0,0.0,0.0,0.0,0.0,0.0,0.0,0.0,0.0,0.0,1.0,1.0,1.0,,,,,,,,,,,,,,,,,,,,,,,,,,,,,,,,,,,,,,,,,,,,,,,,,,,,,,,,,,,,,Africa
Serbia,0.0,0.0,0.0,0.0,1.0,1.0,2.0,3.0,3.0,4.0,1.0,1.0,10.0,13.0,16.0,16.0,28.0,31.0,39.0,,,,,,,,,,,,,,,,,,,,,,,,,,,,,,,,,,,,,,,,,,,,,,,,,,,,,,,Europe
Singapore,0.0,0.0,0.0,0.0,0.0,0.0,0.0,0.0,0.0,0.0,0.0,0.0,0.0,0.0,0.0,0.0,0.0,0.0,0.0,0.0,0.0,0.0,0.0,0.0,0.0,0.0,0.0,0.0,0.0,0.0,0.0,0.0,0.0,0.0,0.0,0.0,0.0,0.0,2.0,2.0,2.0,2.0,2.0,2.0,2.0,2.0,3.0,3.0,3.0,3.0,4.0,5.0,,,,,,,,,,,,,,,,,,,,,,Asia
Slovakia,0.0,0.0,0.0,1.0,1.0,1.0,1.0,0.0,0.0,0.0,0.0,0.0,0.0,0.0,0.0,0.0,0.0,1.0,1.0,1.0,,,,,,,,,,,,,,,,,,,,,,,,,,,,,,,,,,,,,,,,,,,,,,,,,,,,,,Europe
Slovenia,0.0,0.0,0.0,1.0,1.0,1.0,1.0,1.0,1.0,1.0,1.0,2.0,3.0,4.0,5.0,6.0,9.0,9.0,11.0,11.0,15.0,15.0,17.0,20.0,,,,,,,,,,,,,,,,,,,,,,,,,,,,,,,,,,,,,,,,,,,,,,,,,,Europe
South Africa,0.0,0.0,0.0,0.0,0.0,0.0,0.0,0.0,0.0,0.0,0.0,0.0,1.0,1.0,2.0,3.0,5.0,5.0,5.0,9.0,,,,,,,,,,,,,,,,,,,,,,,,,,,,,,,,,,,,,,,,,,,,,,,,,,,,,,Africa
Spain,0.0,0.0,1.0,2.0,3.0,5.0,10.0,17.0,28.0,35.0,54.0,55.0,133.0,195.0,289.0,342.0,533.0,623.0,830.0,1043.0,1375.0,1772.0,2311.0,2808.0,3647.0,4365.0,5138.0,5982.0,6803.0,7716.0,8464.0,9387.0,10348.0,11198.0,,,,,,,,,,,,,,,,,,,,,,,,,,,,,,,,,,,,,,,,Europe
Sri Lanka,0.0,0.0,0.0,0.0,0.0,0.0,0.0,0.0,0.0,0.0,1.0,1.0,2.0,2.0,3.0,4.0,4.0,,,,,,,,,,,,,,,,,,,,,,,,,,,,,,,,,,,,,,,,,,,,,,,,,,,,,,,,,Asia
Sweden,0.0,0.0,0.0,0.0,0.0,0.0,1.0,1.0,1.0,2.0,3.0,6.0,7.0,10.0,11.0,16.0,20.0,21.0,25.0,36.0,62.0,77.0,105.0,105.0,110.0,146.0,180.0,239.0,308.0,358.0,,,,,,,,,,,,,,,,,,,,,,,,,,,,,,,,,,,,,,,,,,,,Europe
Switzerland,0.0,0.0,1.0,1.0,1.0,2.0,2.0,3.0,4.0,4.0,11.0,13.0,14.0,14.0,27.0,28.0,41.0,54.0,75.0,98.0,120.0,122.0,153.0,191.0,231.0,264.0,300.0,359.0,433.0,488.0,536.0,591.0,,,,,,,,,,,,,,,,,,,,,,,,,,,,,,,,,,,,,,,,,,Europe
Taiwan*,1.0,1.0,1.0,1.0,1.0,1.0,1.0,2.0,2.0,2.0,2.0,2.0,2.0,2.0,2.0,2.0,2.0,5.0,5.0,5.0,5.0,5.0,,,,,,,,,,,,,,,,,,,,,,,,,,,,,,,,,,,,,,,,,,,,,,,,,,,,Asia
Thailand,1.0,1.0,1.0,1.0,1.0,1.0,1.0,1.0,1.0,1.0,1.0,1.0,1.0,1.0,1.0,1.0,1.0,4.0,4.0,4.0,5.0,6.0,7.0,9.0,10.0,12.0,15.0,19.0,,,,,,,,,,,,,,,,,,,,,,,,,,,,,,,,,,,,,,,,,,,,,,Asia
Kyrgyzstan,0.0,0.0,0.0,0.0,0.0,0.0,0.0,1.0,,,,,,,,,,,,,,,,,,,,,,,,,,,,,,,,,,,,,,,,,,,,,,,,,,,,,,,,,,,,,,,,,,Asia
Russia,0.0,0.0,0.0,0.0,0.0,1.0,1.0,1.0,1.0,1.0,1.0,3.0,3.0,4.0,4.0,8.0,9.0,17.0,24.0,30.0,34.0,,,,,,,,,,,,,,,,,,,,,,,,,,,,,,,,,,,,,,,,,,,,,,,,,,,,,Europe
Kosovo,1.0,1.0,1.0,1.0,1.0,1.0,1.0,1.0,1.0,,,,,,,,,,,,,,,,,,,,,,,,,,,,,,,,,,,,,,,,,,,,,,,,,,,,,,,,,,,,,,,,,Europe
Bulgaria,2.0,2.0,2.0,2.0,3.0,3.0,3.0,3.0,3.0,3.0,3.0,3.0,3.0,7.0,8.0,8.0,8.0,10.0,10.0,14.0,,,,,,,,,,,,,,,,,,,,,,,,,,,,,,,,,,,,,,,,,,,,,,,,,,,,,,Europe
Burkina Faso,2.0,4.0,4.0,4.0,4.0,7.0,9.0,11.0,12.0,12.0,14.0,16.0,16.0,16.0,,,,,,,,,,,,,,,,,,,,,,,,,,,,,,,,,,,,,,,,,,,,,,,,,,,,,,,,,,,,Africa
Cambodia,0.0,0.0,0.0,0.0,0.0,0.0,0.0,0.0,0.0,0.0,0.0,0.0,0.0,0.0,0.0,,,,,,,,,,,,,,,,,,,,,,,,,,,,,,,,,,,,,,,,,,,,,,,,,,,,,,,,,,,Asia
Cameroon,0.0,0.0,1.0,1.0,2.0,2.0,6.0,6.0,6.0,6.0,7.0,8.0,,,,,,,,,,,,,,,,,,,,,,,,,,,,,,,,,,,,,,,,,,,,,,,,,,,,,,,,,,,,,,Africa
Canada,0.0,0.0,1.0,1.0,1.0,1.0,1.0,1.0,1.0,4.0,5.0,8.0,9.0,12.0,19.0,21.0,25.0,26.0,30.0,38.0,54.0,61.0,64.0,80.0,101.0,109.0,139.0,179.0,,,,,,,,,,,,,,,,,,,,,,,,,,,,,,,,,,,,,,,,,,,,,,North America
Chile,0.0,0.0,0.0,0.0,0.0,0.0,0.0,0.0,1.0,2.0,2.0,3.0,4.0,5.0,6.0,7.0,8.0,12.0,16.0,18.0,22.0,,,,,,,,,,,,,,,,,,,,,,,,,,,,,,,,,,,,,,,,,,,,,,,,,,,,,South America
China,17.0,18.0,26.0,42.0,56.0,82.0,131.0,133.0,171.0,213.0,259.0,361.0,425.0,491.0,563.0,633.0,718.0,805.0,905.0,1012.0,1112.0,1117.0,1369.0,1521.0,1663.0,1766.0,1864.0,2003.0,2116.0,2238.0,2238.0,2443.0,2445.0,2595.0,2665.0,2717.0,2746.0,2790.0,2837.0,2872.0,2914.0,2947.0,2983.0,3015.0,3044.0,3072.0,3100.0,3123.0,3139.0,3161.0,3172.0,3180.0,3193.0,3203.0,3217.0,3230.0,3241.0,3249.0,3253.0,3259.0,3274.0,3274.0,3281.0,3285.0,3291.0,3296.0,3299.0,3304.0,3308.0,3309.0,3316.0,3322.0,3326.0,Asia
Colombia,0.0,0.0,0.0,0.0,0.0,0.0,2.0,3.0,3.0,4.0,6.0,6.0,6.0,10.0,12.0,16.0,17.0,19.0,25.0,,,,,,,,,,,,,,,,,,,,,,,,,,,,,,,,,,,,,,,,,,,,,,,,,,,,,,,South America
Congo (Kinshasa),3.0,3.0,6.0,6.0,8.0,8.0,9.0,13.0,13.0,,,,,,,,,,,,,,,,,,,,,,,,,,,,,,,,,,,,,,,,,,,,,,,,,,,,,,,,,,,,,,,,,Africa
Costa Rica,0.0,1.0,1.0,2.0,2.0,2.0,2.0,2.0,2.0,2.0,2.0,2.0,2.0,2.0,2.0,2.0,2.0,,,,,,,,,,,,,,,,,,,,,,,,,,,,,,,,,,,,,,,,,,,,,,,,,,,,,,,,,North America
Cote d'Ivoire,0.0,0.0,0.0,0.0,0.0,1.0,1.0,1.0,1.0,1.0,1.0,,,,,,,,,,,,,,,,,,,,,,,,,,,,,,,,,,,,,,,,,,,,,,,,,,,,,,,,,,,,,,,Africa
Croatia,0.0,0.0,0.0,1.0,1.0,1.0,1.0,1.0,1.0,1.0,3.0,3.0,5.0,6.0,6.0,6.0,6.0,7.0,8.0,,,,,,,,,,,,,,,,,,,,,,,,,,,,,,,,,,,,,,,,,,,,,,,,,,,,,,,Europe
Cuba,1.0,2.0,2.0,3.0,3.0,4.0,6.0,6.0,6.0,6.0,,,,,,,,,,,,,,,,,,,,,,,,,,,,,,,,,,,,,,,,,,,,,,,,,,,,,,,,,,,,,,,,North America
Cyprus,0.0,0.0,0.0,1.0,1.0,3.0,3.0,3.0,5.0,5.0,5.0,7.0,8.0,9.0,10.0,11.0,,,,,,,,,,,,,,,,,,,,,,,,,,,,,,,,,,,,,,,,,,,,,,,,,,,,,,,,,,Europe
Brunei,0.0,0.0,0.0,0.0,0.0,0.0,0.0,0.0,0.0,0.0,0.0,0.0,0.0,1.0,1.0,1.0,1.0,1.0,1.0,1.0,,,,,,,,,,,,,,,,,,,,,,,,,,,,,,,,,,,,,,,,,,,,,,,,,,,,,,Asia
Czechia,0.0,0.0,0.0,0.0,0.0,0.0,0.0,0.0,0.0,0.0,0.0,1.0,1.0,3.0,6.0,9.0,9.0,11.0,16.0,23.0,31.0,39.0,44.0,53.0,,,,,,,,,,,,,,,,,,,,,,,,,,,,,,,,,,,,,,,,,,,,,,,,,,Europe
Brazil,0.0,0.0,0.0,0.0,0.0,1.0,3.0,6.0,11.0,15.0,25.0,34.0,46.0,59.0,77.0,92.0,111.0,136.0,159.0,201.0,240.0,324.0,359.0,,,,,,,,,,,,,,,,,,,,,,,,,,,,,,,,,,,,,,,,,,,,,,,,,,,South America
Bolivia,0.0,0.0,1.0,4.0,6.0,7.0,8.0,9.0,,,,,,,,,,,,,,,,,,,,,,,,,,,,,,,,,,,,,,,,,,,,,,,,,,,,,,,,,,,,,,,,,,South America
Kuwait,0.0,0.0,0.0,0.0,0.0,0.0,0.0,0.0,0.0,0.0,0.0,0.0,0.0,0.0,0.0,0.0,0.0,0.0,0.0,0.0,0.0,0.0,0.0,0.0,0.0,0.0,0.0,0.0,0.0,0.0,0.0,0.0,0.0,,,,,,,,,,,,,,,,,,,,,,,,,,,,,,,,,,,,,,,,,Asia
Algeria,4.0,4.0,7.0,9.0,11.0,15.0,17.0,17.0,19.0,21.0,25.0,26.0,29.0,31.0,35.0,44.0,58.0,86.0,105.0,,,,,,,,,,,,,,,,,,,,,,,,,,,,,,,,,,,,,,,,,,,,,,,,,,,,,,,Africa
Andorra,0.0,0.0,0.0,1.0,1.0,1.0,1.0,3.0,3.0,3.0,6.0,8.0,12.0,14.0,15.0,16.0,,,,,,,,,,,,,,,,,,,,,,,,,,,,,,,,,,,,,,,,,,,,,,,,,,,,,,,,,,Europe
Argentina,2.0,2.0,2.0,3.0,3.0,4.0,4.0,4.0,6.0,8.0,9.0,13.0,18.0,19.0,23.0,27.0,28.0,36.0,39.0,,,,,,,,,,,,,,,,,,,,,,,,,,,,,,,,,,,,,,,,,,,,,,,,,,,,,,,South America
Armenia,0.0,0.0,0.0,0.0,0.0,0.0,0.0,0.0,0.0,0.0,1.0,1.0,1.0,3.0,3.0,3.0,4.0,7.0,7.0,,,,,,,,,,,,,,,,,,,,,,,,,,,,,,,,,,,,,,,,,,,,,,,,,,,,,,,Asia
Australia,2.0,2.0,2.0,2.0,3.0,3.0,3.0,3.0,3.0,3.0,3.0,3.0,3.0,5.0,6.0,6.0,7.0,7.0,7.0,7.0,8.0,8.0,13.0,13.0,14.0,16.0,17.0,18.0,20.0,24.0,28.0,,,,,,,,,,,,,,,,,,,,,,,,,,,,,,,,,,,,,,,,,,,Oceania
Austria,0.0,0.0,0.0,0.0,0.0,0.0,1.0,1.0,1.0,1.0,3.0,3.0,4.0,6.0,6.0,8.0,16.0,21.0,28.0,30.0,49.0,58.0,68.0,86.0,108.0,128.0,146.0,158.0,168.0,,,,,,,,,,,,,,,,,,,,,,,,,,,,,,,,,,,,,,,,,,,,,Europe
Azerbaijan,1.0,1.0,1.0,1.0,2.0,3.0,3.0,4.0,4.0,4.0,5.0,5.0,5.0,5.0,,,,,,,,,,,,,,,,,,,,,,,,,,,,,,,,,,,,,,,,,,,,,,,,,,,,,,,,,,,,Asia
Bahrain,0.0,0.0,0.0,0.0,0.0,0.0,0.0,0.0,0.0,0.0,0.0,0.0,1.0,1.0,1.0,1.0,1.0,1.0,2.0,2.0,3.0,4.0,4.0,4.0,4.0,4.0,4.0,4.0,4.0,4.0,4.0,,,,,,,,,,,,,,,,,,,,,,,,,,,,,,,,,,,,,,,,,,,Asia
Bangladesh,5.0,6.0,6.0,6.0,,,,,,,,,,,,,,,,,,,,,,,,,,,,,,,,,,,,,,,,,,,,,,,,,,,,,,,,,,,,,,,,,,,,,,Asia
Barbados,0.0,,,,,,,,,,,,,,,,,,,,,,,,,,,,,,,,,,,,,,,,,,,,,,,,,,,,,,,,,,,,,,,,,,,,,,,,,North America
Belarus,0.0,0.0,0.0,0.0,0.0,0.0,0.0,0.0,0.0,0.0,0.0,0.0,0.0,1.0,2.0,4.0,4.0,,,,,,,,,,,,,,,,,,,,,,,,,,,,,,,,,,,,,,,,,,,,,,,,,,,,,,,,,Europe
Belgium,0.0,0.0,0.0,0.0,0.0,0.0,3.0,3.0,3.0,4.0,4.0,5.0,10.0,14.0,21.0,37.0,67.0,75.0,88.0,122.0,178.0,220.0,289.0,353.0,431.0,513.0,705.0,828.0,1011.0,1143.0,,,,,,,,,,,,,,,,,,,,,,,,,,,,,,,,,,,,,,,,,,,,Europe
Bosnia and Herzegovina,0.0,0.0,1.0,1.0,1.0,3.0,3.0,3.0,4.0,5.0,6.0,10.0,13.0,13.0,16.0,17.0,,,,,,,,,,,,,,,,,,,,,,,,,,,,,,,,,,,,,,,,,,,,,,,,,,,,,,,,,,Europe
Denmark,0.0,0.0,0.0,0.0,0.0,1.0,2.0,3.0,4.0,4.0,6.0,9.0,13.0,13.0,24.0,32.0,34.0,41.0,52.0,65.0,72.0,77.0,90.0,104.0,123.0,139.0,,,,,,,,,,,,,,,,,,,,,,,,,,,,,,,,,,,,,,,,,,,,,,,,Europe
Albania,1.0,1.0,2.0,2.0,2.0,2.0,2.0,4.0,5.0,5.0,6.0,8.0,10.0,10.0,11.0,15.0,15.0,16.0,17.0,,,,,,,,,,,,,,,,,,,,,,,,,,,,,,,,,,,,,,,,,,,,,,,,,,,,,,,Europe
"Korea, South",1.0,2.0,2.0,6.0,8.0,10.0,12.0,13.0,13.0,16.0,17.0,28.0,28.0,35.0,35.0,42.0,44.0,50.0,53.0,54.0,60.0,66.0,66.0,72.0,75.0,75.0,81.0,84.0,91.0,94.0,102.0,111.0,111.0,120.0,126.0,131.0,139.0,144.0,152.0,158.0,162.0,165.0,169.0,174.0,,,,,,,,,,,,,,,,,,,,,,,,,,,,,,Asia
Honduras,1.0,1.0,1.0,3.0,7.0,7.0,10.0,14.0,15.0,,,,,,,,,,,,,,,,,,,,,,,,,,,,,,,,,,,,,,,,,,,,,,,,,,,,,,,,,,,,,,,,,North America
Hungary,1.0,1.0,1.0,3.0,4.0,6.0,7.0,9.0,10.0,10.0,10.0,11.0,13.0,15.0,16.0,20.0,21.0,26.0,,,,,,,,,,,,,,,,,,,,,,,,,,,,,,,,,,,,,,,,,,,,,,,,,,,,,,,,Europe
Iceland,0.0,0.0,0.0,0.0,0.0,0.0,0.0,0.0,5.0,0.0,1.0,1.0,1.0,0.0,1.0,1.0,1.0,2.0,2.0,2.0,2.0,2.0,2.0,2.0,2.0,2.0,4.0,4.0,,,,,,,,,,,,,,,,,,,,,,,,,,,,,,,,,,,,,,,,,,,,,,Europe
Diamond Princess,0.0,0.0,0.0,0.0,0.0,0.0,0.0,0.0,0.0,0.0,0.0,0.0,0.0,2.0,2.0,2.0,3.0,3.0,3.0,4.0,4.0,6.0,6.0,6.0,6.0,6.0,6.0,6.0,6.0,6.0,6.0,6.0,6.0,7.0,7.0,7.0,7.0,7.0,7.0,7.0,7.0,7.0,7.0,8.0,8.0,8.0,10.0,10.0,10.0,10.0,10.0,10.0,10.0,10.0,11.0,11.0,11.0,,,,,,,,,,,,,,,,,Other
Indonesia,4.0,5.0,5.0,5.0,5.0,19.0,25.0,32.0,38.0,48.0,49.0,55.0,58.0,78.0,87.0,102.0,114.0,122.0,136.0,157.0,170.0,181.0,,,,,,,,,,,,,,,,,,,,,,,,,,,,,,,,,,,,,,,,,,,,,,,,,,,,Asia
Iran,12.0,16.0,19.0,26.0,34.0,43.0,54.0,66.0,77.0,92.0,107.0,124.0,145.0,194.0,237.0,291.0,354.0,429.0,514.0,611.0,724.0,853.0,988.0,1135.0,1284.0,1433.0,1556.0,1685.0,1812.0,1934.0,2077.0,2234.0,2378.0,2517.0,2640.0,2757.0,2898.0,3036.0,3160.0,3294.0,,,,,,,,,,,,,,,,,,,,,,,,,,,,,,,,,,Asia
Iraq,4.0,6.0,6.0,7.0,7.0,8.0,9.0,10.0,10.0,10.0,11.0,12.0,13.0,17.0,17.0,20.0,23.0,27.0,29.0,36.0,40.0,42.0,42.0,46.0,50.0,52.0,54.0,54.0,,,,,,,,,,,,,,,,,,,,,,,,,,,,,,,,,,,,,,,,,,,,,,Asia
Ireland,1.0,2.0,2.0,2.0,2.0,2.0,3.0,3.0,3.0,4.0,6.0,7.0,9.0,19.0,22.0,36.0,46.0,54.0,71.0,85.0,98.0,120.0,,,,,,,,,,,,,,,,,,,,,,,,,,,,,,,,,,,,,,,,,,,,,,,,,,,,Europe
Israel,0.0,0.0,0.0,0.0,0.0,0.0,0.0,0.0,0.0,0.0,0.0,0.0,0.0,1.0,1.0,1.0,3.0,5.0,8.0,12.0,12.0,15.0,16.0,20.0,26.0,36.0,40.0,,,,,,,,,,,,,,,,,,,,,,,,,,,,,,,,,,,,,,,,,,,,,,,Asia
Italy,2.0,3.0,7.0,10.0,12.0,17.0,21.0,29.0,34.0,52.0,79.0,107.0,148.0,197.0,233.0,366.0,463.0,631.0,827.0,827.0,1266.0,1441.0,1809.0,2158.0,2503.0,2978.0,3405.0,4032.0,4825.0,5476.0,6077.0,6820.0,7503.0,8215.0,9134.0,10023.0,10779.0,11591.0,12428.0,13155.0,13915.0,14681.0,,,,,,,,,,,,,,,,,,,,,,,,,,,,,,,,Europe
Japan,1.0,1.0,1.0,1.0,1.0,1.0,1.0,1.0,1.0,1.0,2.0,4.0,4.0,5.0,6.0,6.0,6.0,6.0,6.0,6.0,6.0,6.0,10.0,10.0,15.0,16.0,19.0,22.0,22.0,27.0,29.0,29.0,29.0,33.0,35.0,41.0,42.0,43.0,45.0,47.0,49.0,52.0,54.0,54.0,56.0,57.0,62.0,63.0,,,,,,,,,,,,,,,,,,,,,,,,,,Asia
Jordan,0.0,0.0,0.0,0.0,0.0,0.0,0.0,0.0,0.0,1.0,1.0,3.0,5.0,5.0,5.0,5.0,5.0,,,,,,,,,,,,,,,,,,,,,,,,,,,,,,,,,,,,,,,,,,,,,,,,,,,,,,,,,Asia
Kazakhstan,0.0,0.0,0.0,0.0,0.0,1.0,1.0,1.0,1.0,1.0,2.0,3.0,3.0,6.0,,,,,,,,,,,,,,,,,,,,,,,,,,,,,,,,,,,,,,,,,,,,,,,,,,,,,,,,,,,,Asia
Kenya,1.0,1.0,1.0,3.0,4.0,,,,,,,,,,,,,,,,,,,,,,,,,,,,,,,,,,,,,,,,,,,,,,,,,,,,,,,,,,,,,,,,,,,,,Africa
Guinea,0.0,0.0,,,,,,,,,,,,,,,,,,,,,,,,,,,,,,,,,,,,,,,,,,,,,,,,,,,,,,,,,,,,,,,,,,,,,,,,Africa
Guatemala,1.0,,,,,,,,,,,,,,,,,,,,,,,,,,,,,,,,,,,,,,,,,,,,,,,,,,,,,,,,,,,,,,,,,,,,,,,,,North America
India,0.0,1.0,1.0,2.0,2.0,2.0,2.0,3.0,3.0,4.0,5.0,4.0,7.0,10.0,10.0,12.0,20.0,20.0,24.0,27.0,32.0,35.0,58.0,72.0,72.0,,,,,,,,,,,,,,,,,,,,,,,,,,,,,,,,,,,,,,,,,,,,,,,,,Asia
Greece,0.0,0.0,0.0,1.0,1.0,1.0,3.0,4.0,4.0,5.0,5.0,6.0,6.0,13.0,15.0,17.0,20.0,22.0,26.0,28.0,32.0,38.0,43.0,49.0,50.0,53.0,63.0,,,,,,,,,,,,,,,,,,,,,,,,,,,,,,,,,,,,,,,,,,,,,,,Europe
Dominican Republic,2.0,2.0,3.0,3.0,6.0,10.0,10.0,20.0,28.0,39.0,42.0,51.0,57.0,60.0,68.0,,,,,,,,,,,,,,,,,,,,,,,,,,,,,,,,,,,,,,,,,,,,,,,,,,,,,,,,,,,North America
Ecuador,2.0,2.0,3.0,5.0,7.0,14.0,18.0,27.0,28.0,34.0,36.0,48.0,58.0,60.0,75.0,93.0,120.0,145.0,,,,,,,,,,,,,,,,,,,,,,,,,,,,,,,,,,,,,,,,,,,,,,,,,,,,,,,,South America
Egypt,1.0,1.0,1.0,1.0,2.0,2.0,2.0,2.0,4.0,6.0,6.0,8.0,10.0,14.0,19.0,20.0,21.0,24.0,30.0,36.0,40.0,41.0,46.0,52.0,58.0,66.0,,,,,,,,,,,,,,,,,,,,,,,,,,,,,,,,,,,,,,,,,,,,,,,,Africa
Estonia,0.0,0.0,0.0,0.0,0.0,0.0,0.0,0.0,0.0,0.0,0.0,0.0,1.0,1.0,1.0,1.0,3.0,3.0,4.0,5.0,11.0,12.0,,,,,,,,,,,,,,,,,,,,,,,,,,,,,,,,,,,,,,,,,,,,,,,,,,,,Europe
Germany,0.0,0.0,0.0,0.0,0.0,0.0,0.0,0.0,0.0,2.0,2.0,3.0,3.0,7.0,9.0,11.0,17.0,24.0,28.0,44.0,67.0,84.0,94.0,123.0,157.0,206.0,267.0,342.0,433.0,533.0,645.0,775.0,920.0,1107.0,1275.0,,,,,,,,,,,,,,,,,,,,,,,,,,,,,,,,,,,,,,,Europe
Georgia,0.0,0.0,0.0,0.0,0.0,0.0,0.0,0.0,0.0,0.0,0.0,0.0,0.0,,,,,,,,,,,,,,,,,,,,,,,,,,,,,,,,,,,,,,,,,,,,,,,,,,,,,,,,,,,,,Asia
Ghana,2.0,4.0,4.0,4.0,5.0,5.0,5.0,5.0,5.0,5.0,5.0,,,,,,,,,,,,,,,,,,,,,,,,,,,,,,,,,,,,,,,,,,,,,,,,,,,,,,,,,,,,,,,Africa
France,2.0,2.0,2.0,3.0,4.0,4.0,6.0,9.0,11.0,19.0,19.0,33.0,48.0,48.0,79.0,91.0,91.0,149.0,149.0,149.0,244.0,451.0,563.0,676.0,862.0,1102.0,1333.0,1698.0,1997.0,2317.0,2611.0,3030.0,3532.0,4043.0,5398.0,6520.0,,,,,,,,,,,,,,,,,,,,,,,,,,,,,,,,,,,,,,Europe
Finland,0.0,0.0,0.0,0.0,0.0,0.0,0.0,0.0,0.0,0.0,1.0,1.0,1.0,1.0,3.0,5.0,7.0,9.0,11.0,13.0,17.0,17.0,19.0,20.0,,,,,,,,,,,,,,,,,,,,,,,,,,,,,,,,,,,,,,,,,,,,,,,,,,Europe
